,Player,FOL2022
261,Joel Edmundson\edmunjo01,-1.9764036
699,Darnell Nurse\nurseda01,-1.8304371
949,Devon Toews\toewsde01,-1.8238767
712,Dmitry Orlov\orlovdm01,-1.7450813
339,Mark Giordano\giordma01,-1.6788677
998,MacKenzie Weegar\weegama01,-1.6731018
754,Alex Pietrangelo\pietral01,-1.6008066
111,T.J. Brodie\broditj01,-1.570207
996,Shea Weber\webersh01,-1.496466
302,Gustav Forsling\forslgu02,-1.451918
231,Brenden Dillon\dillobr01,-1.4290222
576,Ryan Lindgren\lindgry01,-1.4280971
673,Jake Muzzin\muzzija01,-1.4238027
744,Adam Pelech\pelecad01,-1.4117798
768,Ryan Pulock\pulocry01,-1.4112886
157,Zdeno Chara\charazd01,-1.391311
868,Jaccob Slavin\slavija01,-1.3611177
426,Justin Holl\hollju01,-1.3503793
265,Mattias Ekholm\ekholma01,-1.3241543
625,Charlie McAvoy\mcavoch01,-1.2969879
351,Ryan Graves\gravery01,-1.2875541
222,Michael Del Zotto\delzomi01,-1.2726854
833,Marco Scandella\scandma01,-1.2622474
404,Victor Hedman\hedmavi01,-1.2499403
494,Duncan Keith\keithdu01,-1.2490638
352,Andy Greene\greenan01,-1.2360309
925,Chris Tanev\tanevch01,-1.1968845
882,Carson Soucy\soucyca01,-1.181475
750,Jeff Petry\petryje01,-1.1813186
237,Drew Doughty\doughdr01,-1.1617988
631,Ryan McDonagh\mcdonry01,-1.144379
65,Jordie Benn\bennjo01,-1.138471
919,Ryan Suter\suterry01,-1.1166462
668,Josh Morrissey\morrijo04,-1.0940498
867,Brady Skjei\skjeibr01,-1.0914253
344,Alex Goligoski\goligal01,-1.081529
748,Brett Pesce\pescebr01,-1.0806955
109,Justin Braun\braunju01,-1.029776
66,Jordie Benn\bennjo01,-1.0166496
251,Brian Dumoulin\dumoubr01,-1.006306
361,Radko Gudas\gudasra01,-0.990703
843,Andrej Sekera\sekeran01,-0.9706539
153,Cody Ceci\cecico01,-0.95728433
181,Ian Cole\coleia01,-0.9477638
224,Dylan DeMelo\demeldy01,-0.9456285
283,Justin Faulk\faulkju01,-0.9441627
637,Brayden McNabb\mcnabbr01,-0.9402765
182,Ian Cole\coleia01,-0.9381689
392,Joel Hanley\hanlejo01,-0.9376162
816,Jan Rutta\ruttaja02,-0.9095925
268,Ryan Ellis\ellisry01,-0.8881763
892,Logan Stanley\stanllo01,-0.8646301
425,Nick Holden\holdeni01,-0.8521298
681,Patrik Nemeth\nemetpa01,-0.82942903
465,Seth Jones\jonesse01,-0.8193363
165,Jakob Chychrun\chychja01,-0.81418264
250,Mathew Dumba\dumbama01,-0.80345666
126,Brent Burns\burnsbr01,-0.8021301
623,Scott Mayfield\mayfisc01,-0.7945131
839,Nate Schmidt\schmina01,-0.7848667
644,Jonathon Merrill\merrijo01,-0.7700037
452,Nick Jensen\jenseni02,-0.7632221
174,Connor Clifton\cliftco01,-0.7610115
379,Nicolas Hague\hagueni01,-0.7504276
758,Neal Pionk\pionkne01,-0.7296337
977,Marc-Edouard Vlasic\vlasima01,-0.70792997
964,Sami Vatanen\vatansa01,-0.70459783
766,Ivan Provorov\provoiv01,-0.70294416
890,Marc Staal\staalma01,-0.69841135
709,Jamie Oleksiak\oleksja01,-0.68483007
955,Jacob Trouba\troubja01,-0.63739717
297,Callan Foote\footeca01,-0.6257876
71,Matt Benning\bennima01,-0.6213716
682,Patrik Nemeth\nemetpa01,-0.6117004
813,Kris Russell\russekr01,-0.6094459
658,Kevan Miller\milleke03,-0.6058935
346,Shayne Gostisbehere\gostish01,-0.59965456
849,Kevin Shattenkirk\shattke01,-0.59050596
764,Tucker Poolman\poolmtu01,-0.57956254
769,Mark Pysyk\pysykma01,-0.5492877
1005,Zach Whitecloud\whiteza01,-0.5453962
524,Brett Kulak\kulakbr01,-0.54410017
575,Esa Lindell\lindees01,-0.53890836
613,John Marino\marinjo01,-0.5343088
552,Jeremy Lauzon\lauzoje01,-0.5334953
672,Ryan Murray\murrary01,-0.5318283
299,Derek Forbort\forbode01,-0.52712095
593,Jacob MacDonald\macdoja02,-0.52306163
389,Travis Hamonic\hamontr01,-0.5206989
154,Erik Cernak\cernaer01,-0.5146059
304,Cam Fowler\fowleca01,-0.5131515
17,Michael Anderson\andermi02,-0.50913274
905,Michael Stone\stonemi01,-0.5077833
486,Erik Karlsson\karlser01,-0.50155485
520,Torey Krug\krugto01,-0.46264496
176,Braydon Coburn\coburbr01,-0.4372472
422,Niklas Hjalmarsson\hjalmni01,-0.4314827
20,Rasmus Andersson\anderra01,-0.42877808
221,Danny DeKeyser\dekeyda01,-0.40363446
963,Trevor van Riemsdyk\vanritr01,-0.40238896
965,Sami Vatanen\vatansa01,-0.396212
138,Brandon Carlo\carlobr01,-0.39369622
729,Colton Parayko\parayco01,-0.3886694
901,Riley Stillman\stillri01,-0.366702
752,Marcus Pettersson\pettema01,-0.35403386
395,Ben Harpur\harpube01,-0.35319653
407,Miro Heiskanen\heiskmi01,-0.35312214
470,Roman Josi\josiro01,-0.3426489
112,Jonas Brodin\brodijo01,-0.3395876
1017,Nikita Zadorov\zadorni01,-0.33298436
845,Mikhail Sergachev\sergami01,-0.31886044
98,Mark Borowiecki\borowma01,-0.31474152
643,Jonathon Merrill\merrijo01,-0.31266347
525,Dmitry Kulikov\kulikdm01,-0.30632725
55,Ethan Bear\bearet01,-0.30350628
381,Jani Hakanpaa\hakanja01,-0.30149594
462,Henri Jokiharju\jokihhe01,-0.29591504
146,Alexandre Carrier\carrial01,-0.29292622
523,Dean Kukan\kukande01,-0.27375403
646,Victor Mete\metevi01,-0.2601885
382,Jani Hakanpaa\hakanja01,-0.25992146
277,Dante Fabbro\fabbrda01,-0.25552884
1012,Keith Yandle\yandlke01,-0.25104848
869,Brendan Smith\smithbr05,-0.24273434
804,Alexander Romanov\romanal01,-0.2299389
260,Alexander Edler\edleral01,-0.21373883
620,Mike Matheson\mathemi01,-0.21181145
99,Robert Bortuzzo\borturo01,-0.20703164
655,Colin Miller\milleco02,-0.20526925
811,Chad Ruhwedel\ruhwech01,-0.19946566
442,Matt Irwin\irwinma01,-0.19545212
831,David Savard\savarda01,-0.19214621
380,Libor Hajek\hajekli01,-0.18249169
1027,Artem Zub\zubar01,-0.17430249
943,Jarred Tinordi\tinorja01,-0.16717139
990,Sean Walker\walkese01,-0.16701165
288,Haydn Fleury\fleurha01,-0.16345254
944,Jarred Tinordi\tinorja01,-0.15905514
591,Olli Maatta\maattol01,-0.14281979
809,Matt Roy\royma04,-0.14063016
961,Juuso Valimaki\valimju01,-0.13395634
885,Jared Spurgeon\spurgja01,-0.12973538
332,Vladislav Gavrikov\gavrivl01,-0.12592068
289,Haydn Fleury\fleurha01,-0.124619395
360,Matt Grzelcyk\grzelma01,-0.10575047
233,Noah Dobson\dobsono01,-0.105639845
549,Jacob Larsson\larssja01,-0.10292187
481,Steven Kampfer\kampfst01,-0.095671564
118,Josh Brown\brownjo01,-0.08812228
618,Alec Martinez\martial01,-0.0868496
796,Rasmus Ristolainen\ristora01,-0.055709273
837,Luke Schenn\schenlu01,-0.053151518
657,K'Andre Miller\milleka01,-0.045410544
366,Carl Gunnarsson\gunnaca01,-0.0433034
507,Nikolai Knyzhov\knyzhni01,-0.014870077
606,Josh Manson\mansojo01,-0.013007075
227,Travis Dermott\dermotr01,-0.0057272017
827,Travis Sanheim\sanhetr01,0.0065389574
378,Robert Hagg\haggro01,0.017337412
526,Dmitry Kulikov\kulikdm01,0.033476442
57,Nathan Beaulieu\beaulna01,0.033558935
121,Jacob Bryson\brysoja01,0.03835258
284,Mario Ferraro\ferrama01,0.04861507
1023,Jakub Zboril\zborija01,0.05909881
264,Aaron Ekblad\ekblaaa01,0.0651966
675,Tyler Myers\myersty01,0.07484302
92,Zach Bogosian\bogosza01,0.10724029
862,Radim Simek\simekra01,0.118703455
929,Matt Tennyson\tennyma01,0.11957559
463,Caleb Jones\jonesca01,0.16058502
388,Dougie Hamilton\hamildo01,0.17365131
208,Rasmus Dahlin\dahlira01,0.19974956
1018,Nikita Zaitsev\zaitsni01,0.22996387
252,Vince Dunn\dunnvi02,0.24361095
437,Ben Hutton\huttobe01,0.2628275
362,Erik Gudbranson\gudbrer01,0.2738863
508,Slater Koekkoek\koekksl01,0.27854404
314,Kurtis Gabriel\gabriku01,0.28189287
160,Ben Chiarot\chiarbe01,0.3098751
84,Tobias Bjornfot\bjornto01,0.31358394
894,Troy Stecher\stechtr01,0.31463394
225,Jason Demers\demerja01,0.3293253
994,Jake Walman\walmaja01,0.34728536
207,Evgenii Dadonov\dadonev01,0.35357532
653,Niko Mikkola\mikkoni01,0.35871705
139,John Carlson\carlsjo01,0.37618503
846,Damon Severson\severda01,0.37930068
793,Morgan Rielly\riellmo01,0.39773998
363,Erik Gudbranson\gudbrer01,0.405521
364,Erik Gudbranson\gudbrer01,0.40721473
456,Jack Johnson\johnsja02,0.42298087
670,Connor Murphy\murphco02,0.42370757
214,Calvin de Haan\dehaaca01,0.43169364
840,Justin Schultz\schulju01,0.43220863
906,Anton Stralman\stralan01,0.47732696
177,Braydon Coburn\coburbr01,0.52923596
175,Cal Clutterbuck\cluttca01,0.5335084
438,Ben Hutton\huttobe01,0.5338117
857,Jonas Siegenthaler\siegejo01,0.5415958
734,Greg Pateryn\patergr01,0.54773486
391,Noah Hanifin\hanifno01,0.5537344
590,Ilya Lyubushkin\lyubuil01,0.56423724
659,Ian Mitchell\mitchia01,0.58679736
155,Thomas Chabot\chaboth01,0.60014117
556,Nick Leddy\leddyni01,0.6035181
232,Christian Djoos\djoosch01,0.6977774
783,Mike Reilly\reillmi01,0.70347273
541,William Lagesson\lageswi01,0.7116617
592,Kurtis MacDermid\macdeku01,0.72510636
685,Nikita Nesterov\nesteni01,0.7632009
784,Mike Reilly\reillmi01,0.7750422
1001,Zach Werenski\werenza01,0.77572215
506,John Klingberg\klingjo01,0.7769133
266,Oliver Ekman-Larsson\ekmanol01,0.7777182
914,P.K. Subban\subbapk01,0.7998568
966,Sami Vatanen\vatansa01,0.8189808
733,Greg Pateryn\patergr01,0.8639277
472,Olli Juolevi\juoleol01,0.8738612
130,Bowen Byram\byrambo01,0.899196
674,Philippe Myers\myersph01,0.9150225
96,William Borgen\borgewi01,0.9212476
430,Filip Hronek\hronefi01,0.92408717
830,David Savard\savarda01,0.92841876
667,Samuel Morin\morinsa01,0.9493581
322,Jake Gardiner\gardija01,0.97423565
907,Austin Strand\stranau01,1.0007566
645,Jonathon Merrill\merrijo01,1.0119964
662,Brandon Montour\montobr01,1.0862957
829,David Savard\savarda01,1.1083885
568,Kris Letang\letankr01,1.1374089
578,Hampus Lindholm\lindhha01,1.2355086
942,Conor Timmins\timmico01,1.2377816
583,Ryan Lomberg\lombery01,1.240462
559,Mikko Lehtonen\lehtomi03,1.2591821
663,Brandon Montour\montobr01,1.2811428
902,Riley Stillman\stillri01,1.3152181
945,Jarred Tinordi\tinorja01,1.3295292
158,Jalen Chatfield\chatfja01,1.3535811
560,Mikko Lehtonen\lehtomi03,1.3576497
780,Kyle Rau\rauky01,1.3833691
999,Andy Welinski\welinan01,1.4140238
77,Alex Biega\biegaal01,1.4576536
527,Dmitry Kulikov\kulikdm01,1.5658077
305,Adam Fox\foxad01,1.5738846
178,Braydon Coburn\coburbr01,1.6193234
876,Ty Smith\smithty01,1.6257883
340,Samuel Girard\girarsa01,1.6288372
54,Jake Bean\beanja01,1.6993719
169,Fredrik Claesson\claesfr01,1.8458333
747,Corey Perry\perryco01,1.9264771
626,Jake McCabe\mccabja01,2.003298
648,Victor Mete\metevi01,2.095108
213,Jeremy Davies\davieje01,2.1208286
985,Austin Wagner\wagneau01,2.1839223
434,Quinn Hughes\hughequ01,2.2082849
792,Tobias Rieder\riedeto01,2.2572336
67,Jordie Benn\bennjo01,2.367022
94,Adam Boqvist\boqviad01,2.3949528
243,Jamie Drysdale\drysdja01,2.4075203
580,Gustav Lindstrom\lindsgu01,2.426371
960,Urho Vaakanainen\vaakaur01,2.5175567
228,Nicolas Deslauriers\deslani01,2.6105802
798,Nick Ritchie\ritchni01,2.6210403
414,Matthew Highmore\highmma01,2.699743
714,Xavier Ouellet\ouellxa01,2.7712379
372,Erik Gustafsson\gustaer02,2.7787275
212,Brandon Davidson\davidbr01,2.8890264
144,Connor Carrick\carrico01,2.9322665
743,Andrew Peeke\peekean01,2.940595
373,Erik Gustafsson\gustaer02,2.9440017
683,Patrik Nemeth\nemetpa01,3.1505954
189,Kevin Connauton\connake01,3.2373912
128,Will Butcher\butchwi01,3.283566
903,Riley Stillman\stillri01,3.3769526
1011,Kailer Yamamoto\yamamka01,3.4408917
79,Anthony Bitetto\bitetan01,3.4566534
80,Anders Bjork\bjorkan01,3.4677358
39,Rudolfs Balcers\balceru01,3.496385
455,Erik Johnson\johnser01,3.618641
703,Liam O'Brien\obrieli01,3.7074368
384,Micheal Haley\haleymi01,3.7734585
171,Fredrik Claesson\claesfr01,3.783726
974,Jeffrey Viel\vielje01,3.82251
179,Dylan Coghlan\coghldy01,3.838113
136,Matt Calvert\calvema01,3.9087346
859,Jonas Siegenthaler\siegejo01,4.076051
691,Sami Niku\nikusa01,4.194473
617,Matt Martin\martima02,4.199995
858,Jonas Siegenthaler\siegejo01,4.2263722
788,Dan Renouf\renouda01,4.320015
665,John Moore\moorejo01,4.347835
46,Tyson Barrie\barrity01,4.39696
435,Brad Hunt\huntbr01,4.4330077
647,Victor Mete\metevi01,4.4563704
383,Jani Hakanpaa\hakanja01,4.46172
164,Dennis Cholowski\cholode01,4.516695
1007,Christian Wolanin\wolanch01,4.66054
824,Mattias Samuelsson\samuema02,4.663441
72,Simon Benoit\benoisi01,4.830384
106,Erik Brannstrom\branner01,5.078704
405,Danton Heinen\heineda01,5.2333107
664,Brandon Montour\montobr01,5.3336425
503,Matt Kiersted\kiersma01,5.4968524
396,Scott Harrington\harrisc01,5.632083
412,Thomas Hickey\hicketh01,5.865053
767,Jesse Puljujarvi\puljuje01,5.882274
715,Alex Ovechkin\ovechal01,5.917217
563,Brendan Lemieux\lemiebr01,5.957911
995,Austin Watson\watsoau01,5.966963
81,Anders Bjork\bjorkan01,6.04666
183,Ian Cole\coleia01,6.156422
290,Haydn Fleury\fleurha01,6.2239094
795,Zac Rinaldo\rinalza01,6.3970475
180,Andrew Cogliano\coglian01,6.422924
479,Wyatt Kalynuk\kalynwy01,6.4243884
448,Christian Jaros\jarosch01,6.435517
56,Nicolas Beaudin\beaudni01,6.4939466
41,Alexander Barabanov\barabal01,6.569898
490,Zack Kassian\kassiza01,6.677514
700,Markus Nutivaara\nutivma01,6.702604
143,Daniel Carr\carrda01,6.741502
781,Ryan Reaves\reavery01,6.8463635
832,Luca Sbisa\sbisalu01,6.850197
548,Adam Larsson\larssad01,6.9331527
971,Jimmy Vesey\veseyji02,7.00909
439,Ben Hutton\huttobe01,7.45015
642,Dakota Mermis\mermida01,7.4797306
170,Fredrik Claesson\claesfr01,7.4865937
997,Yannick Weber\weberya01,7.561987
710,Mathieu Olivier\olivima01,7.682837
48,Matt Bartkowski\bartkma01,7.7592874
140,Gabriel Carlsson\carlsga01,7.907883
605,Andrew Mangiapane\mangian01,7.9464216
218,Anthony DeAngelo\deangan01,7.9976573
441,Alex Iafallo\iafalal01,8.007839
141,Lucas Carlsson\carlslu01,8.076152
205,Kevin Czuczman\czuczke01,8.086782
695,Joakim Nordstrom\nordsjo02,8.113526
200,Joseph Cramarossa\cramajo01,8.141759
718,Ondrej Palat\palaton01,8.162458
740,Tanner Pearson\pearsta01,8.44772
359,Carl Grundstrom\grundca01,8.475174
933,Shea Theodore\theodsh01,8.536667
52,Gavin Bayreuther\bayrega01,8.591641
624,Gerald Mayhew\mayhege01,8.725698
967,Frank Vatrano\vatrafr01,8.819644
852,Conor Sheary\shearco01,8.903749
688,Nino Niederreiter\niedeni01,8.907067
11,Mark Alt\altma01,8.946911
172,Kale Clague\claguka01,9.049736
820,Joakim Ryan\ryanjo02,9.364581
1009,Christian Wolanin\wolanch01,9.402142
934,Ben Thomas\thomabe01,9.451674
834,Colton Sceviour\scevico01,9.459625
25,Josh Archibald\archijo01,9.472582
570,Tyler Lewington\lewinty01,9.493927
684,Aaron Ness\nessaa01,9.52438
807,Antoine Roussel\roussan01,9.5320835
736,Greg Pateryn\patergr01,9.670551
823,Scott Sabourin\sabousc01,9.693762
616,Pat Maroon\maroopa01,9.719111
863,Wayne Simmonds\simmowa01,9.890064
309,Mark Friedman\friedma01,10.000132
358,Jordan Gross\grossjo01,10.176689
640,Nicolas Meloche\melocni01,10.270161
127,Kyle Burroughs\burroky01,10.278514
794,Juuso Riikola\riikoju01,10.293634
759,Brandon Pirri\pirribr01,10.408727
761,Tyler Pitlick\pitlity01,10.444915
979,Alexander Volkov\volkoal01,10.482767
573,Kole Lind\lindko01,10.496534
473,Tomas Jurco\jurcoto01,10.499653
3,Kenny Agostino\agostke01,10.56593
100,Evan Bouchard\bouchev01,10.637833
5,Jack Ahcan\ahcanja01,10.667348
749,Nic Petan\petanni01,10.694884
10,Olle Alsing\alsinol01,10.695423
406,Ville Heinola\heinovi01,10.7020445
731,Brinson Pasichnuk\pasicbr01,10.7250395
1010,Miles Wood\woodmi01,10.7380295
281,Hudson Fasching\faschhu01,10.775861
97,Andreas Borgman\borgman01,10.808016
398,Garnet Hathaway\hathaga01,10.810888
970,Kristian Vesalainen\vesalkr01,10.822205
762,Austin Poganski\poganau01,10.834843
458,Reese Johnson\johnsre01,10.894802
474,Noah Juulsen\juulsno01,10.971382
374,Erik Gustafsson\gustaer02,11.018518
241,Sheldon Dries\driessh01,11.0937195
338,Dennis Gilbert\gilbede01,11.094593
787,Sheldon Rempal\rempash01,11.094608
694,Stefan Noesen\noesest01,11.134104
315,Jonah Gadjovich\gadjojo01,11.154038
319,Alex Galchenyuk\galchal01,11.188299
173,Kyle Clifford\cliffky01,11.240169
735,Greg Pateryn\patergr01,11.24952
310,Martin Frk\frkma01,11.259375
534,Oliver Kylington\kylinol01,11.309966
217,Jean-Sebastien Dea\deaje01,11.340659
427,Patric Hornqvist\hornqpa01,11.341573
601,Cale Makar\makarca01,11.349942
654,Sonny Milano\milanso01,11.354606
561,Mikko Lehtonen\lehtomi03,11.402402
854,Kole Sherwood\sherwko01,11.449342
988,Daniel Walcott\walcoda01,11.454914
489,Ondrej Kase\kaseon01,11.489133
650,Jacob Middleton\middlja01,11.532079
38,Justin Bailey\baileju01,11.563009
599,Josh Mahura\mahurjo01,11.630741
466,Zachary Jones\jonesza01,11.74505
870,C.J. Smith\smithcj01,11.752604
75,Jacob Bernard-Docker\bernaja01,11.779356
354,A.J. Greer\greeraj01,11.786037
401,John Hayden\haydejo01,11.832596
89,Anton Blidh\blidhan01,11.833572
137,Kyle Capobianco\capobky01,11.909464
741,Matthew Peca\pecama01,11.945409
36,Kevin Bahl\bahlke01,12.034283
951,Eeli Tolvanen\tolvaee01,12.039712
844,Zachary Senyshyn\senysza01,12.16833
789,Tarmo Reunanen\reunata01,12.19507
828,Steven Santini\santist01,12.208915
110,Guillaume Brisebois\brisegu01,12.3600235
491,Martin Kaut\kautma01,12.371312
818,Bobby Ryan\ryanbo01,12.377181
871,Cole Smith\smithco02,12.4193945
952,Dominic Toninato\tonindo01,12.457346
651,Keaton Middleton\middlke01,12.479546
101,Madison Bowey\boweyma01,12.48828
488,David Kase\kaseda01,12.496605
61,Louis Belpedio\belpelo01,12.671687
63,Emil Bemstrom\bemstem01,12.722533
941,Dmytro Timashov\timasdm01,12.780198
8,Frederic Allard\allarfr01,12.783512
161,Alex Chiasson\chiasal01,12.827618
582,William Lockwood\lockwwi01,12.828052
493,Brady Keeper\keepebr01,12.869152
896,Oskar Steen\steenos01,12.876059
779,Jack Rathbone\rathbja01,12.886307
377,Carl Hagelin\hagelca01,12.898708
468,Pierre-Olivier Joseph\joseppi01,12.938323
782,Alec Regula\regulal01,12.979632
572,Timothy Liljegren\liljeti01,12.986062
1014,Cameron York\yorkca01,12.991346
51,Drake Batherson\bathedr01,13.073267
771,Brogan Rafferty\raffebr01,13.097342
22,Anthony Angello\angelan01,13.102175
74,Lean Bergmann\bergmle01,13.183467
1004,Colton White\whiteco03,13.185166
501,Phil Kessel\kesseph01,13.235853
15,Joey Anderson\anderjo08,13.274492
745,Mathieu Perreault\perrema01,13.279725
461,Ross Johnston\johnsro02,13.300451
567,Otto Leskinen\leskiot01,13.32801
16,Josh Anderson\anderjo05,13.467229
159,Ivan Chekhovich\chekhiv01,13.480278
255,Ryan Dzingel\dzingry01,13.499584
280,David Farrance\farrada01,13.515932
671,Brett Murray\murrabr02,13.569047
825,Rasmus Sandin\sandira01,13.588791
0,Vitaly Abramov\abramvi01,13.621741
707,Jordan Oesterle\oestejo01,13.774763
162,Filip Chlapik\chlapfi01,13.80602
307,Mark Friedman\friedma01,13.822729
953,Yakov Trenin\treniya01,13.845035
2,Calen Addison\addisca01,13.952584
755,Garrett Pilon\pilonga01,14.019758
972,Jimmy Vesey\veseyji02,14.0549
542,Patrik Laine\lainepa01,14.131193
543,Patrik Laine\lainepa01,14.150006
753,Matthew Phillips\phillma01,14.1534195
287,Christian Fischer\fischch01,14.236353
821,Drake Rymsha\rymshdr01,14.279244
202,Lawson Crouse\crousla01,14.586018
926,Vladimir Tarasenko\tarasvl01,14.613387
595,Zack MacEwen\macewza01,14.663651
725,Richard Panik\panikri01,14.7435465
1022,Yegor Zamula\zamulye01,14.787212
504,Alex Killorn\killoal01,14.811005
564,Brendan Lemieux\lemiebr01,14.814257
1008,Christian Wolanin\wolanch01,14.832859
917,Maksim Sushko\sushkma01,14.91901
464,Max Jones\jonesma03,15.030893
861,Jakob Silfverberg\silfvja01,15.040711
40,Alexander Barabanov\barabal01,15.098473
1013,Jesse Ylönen\yloneje01,15.382279
1029,Jason Zucker\zuckeja01,15.518558
492,Joey Keane\keanejo01,15.539753
114,Mathias Brome\bromema01,15.605125
790,Justin Richards\richaju01,15.920478
113,Jonny Brodzinski\brodzjo01,16.033691
9,Wade Allison\alliswa01,16.057045
910,Marian Studenic\studema01,16.084929
976,Jake Virtanen\virtaja01,16.21447
574,Oskar Lindblom\lindbos01,16.24972
119,Logan Brown\brownlo01,16.267853
723,Richard Panik\panikri01,16.282967
687,Valeri Nichushkin\nichuva01,16.493372
1002,Blake Wheeler\wheelbl01,16.54544
874,Givani Smith\smithgi01,16.548697
514,Klim Kostin\kostikl01,16.603167
257,Ryan Dzingel\dzingry01,16.62906
413,Matthew Highmore\highmma01,16.692394
42,Alexander Barabanov\barabal01,16.710926
800,Nicholas Robertson\roberni01,16.85397
88,Joachim Blichfeld\blichjo01,16.91353
32,Nicolas Aube-Kubel\aubekni01,16.9282
978,Alexander Volkov\volkoal01,16.944267
785,Mike Reilly\reillmi01,17.078245
410,Aleksi Heponiemi\heponal01,17.080603
765,Nate Prosser\prossna01,17.474909
308,Mark Friedman\friedma01,17.75191
478,Arthur Kaliyev\kaliyar01,17.835855
621,Stefan Matteau\mattest02,17.849083
408,Darren Helm\helmda01,17.850569
860,Dylan Sikura\sikurdy01,18.05795
924,Brandon Tanev\tanevbr01,18.09695
938,Tyce Thompson\thompty01,18.525877
521,Dominik Kubalík\kubaldo01,18.591688
516,Vitali Kravtsov\kravtvi01,18.806713
826,Zach Sanford\sanfoza01,18.826393
184,Blake Coleman\colembl01,19.133745
188,Max Comtois\comtoma01,19.181826
117,Dustin Brown\browndu01,19.296766
815,Bryan Rust\rustbr01,19.40472
518,Chris Kreider\kreidch01,19.422419
678,James Neal\nealja01,19.49541
357,Rocco Grimaldi\grimaro01,19.603834
724,Richard Panik\panikri01,19.770254
881,Marcus Sorensen\sorenma01,19.953793
256,Ryan Dzingel\dzingry01,20.034016
566,John Leonard\leonajo01,20.114422
597,Connor Mackey\mackeco01,20.217428
586,Milan Lucic\lucicmi01,20.349758
7,Sebastian Aho\ahose02,20.380596
209,Michael Dal Colle\dalcomi01,20.51449
147,William Carrier\carriwi01,20.567865
797,Brett Ritchie\ritchbr01,20.59336
632,Brock McGinn\mcginbr01,20.743258
370,Nikita Gusev\gusevni01,20.851755
529,Janne Kuokkanen\kuokkja01,20.992529
562,Josh Leivo\leivojo01,21.485426
773,Michael Raffl\rafflmi01,21.557354
259,Jordan Eberle\eberljo01,21.705223
690,Matthew Nieto\nietoma01,21.722061
937,Tage Thompson\thompta01,21.840237
152,Cole Caufield\caufico01,21.862812
537,Kevin Labanc\labanke01,22.266
957,Alex Tuch\tuchal01,22.403164
669,Tyler Motte\mottety01,22.723312
29,Zach Aston-Reese\astonza01,22.748777
460,Andreas Johnsson\johnsan01,22.771606
365,Jake Guentzel\guentja01,22.934814
987,Oliver Wahlstrom\wahlsol01,22.99643
82,Anders Bjork\bjorkan01,23.128342
386,Taylor Hall\hallta02,23.936262
190,Brett Connolly\connobr01,23.94642
58,Anthony Beauvillier\beauvan01,24.09335
505,Joel Kiviranta\kivirjo01,24.261547
50,Nathan Bastian\bastina01,24.298363
293,Marcus Foligno\foligma01,24.402866
400,Jayce Hawryluk\hawryja01,24.431044
711,Victor Olofsson\olofsvi01,24.79719
1006,Tom Wilson\wilsoto01,24.940594
27,Viktor Arvidsson\arvidvi01,25.011312
298,Nolan Foote\footeno01,25.213099
565,Brendan Lemieux\lemiebr01,25.232191
477,Kaapo Kakko\kakkoka01,25.283823
485,Kirill Kaprizov\kapriki01,25.299383
875,Reilly Smith\smithre01,25.769867
571,Trevor Lewis\lewistr01,25.771162
841,Jaden Schwartz\schwaja01,26.092266
558,Artturi Lehkonen\lehkoar01,26.519485
808,Carter Rowney\rowneca01,26.542198
369,Nikita Gusev\gusevni01,26.610268
607,Anthony Mantha\manthan01,26.619791
666,Trevor Moore\mooretr01,26.741714
376,Brandon Hagel\hagelbr01,26.85257
229,Phillip Di Giuseppe\digiuph01,26.871344
285,Kevin Fiala\fialake01,27.220951
424,Nils Hoglander\hoglani01,27.271143
279,Joel Farabee\farabjo01,27.517303
880,Victor Soderstrom\sodervi01,27.53627
236,Joonas Donskoi\donskjo01,27.616432
31,Cam Atkinson\atkinca01,27.77246
83,Oliver Bjorkstrand\bjorkol01,27.818527
973,Jimmy Vesey\veseyji02,28.086315
649,Marc Michaelis\michama01,28.09482
719,Kyle Palmieri\palmiky01,28.116943
772,Michael Raffl\rafflmi01,28.118229
282,Jesper Fast\fastje01,28.412035
1016,Filip Zadina\zadinfi01,28.602415
24,Mason Appleton\applema01,28.771582
133,Drake Caggiula\caggidr01,29.298275
367,Denis Gurianov\guriade01,29.490131
639,Timo Meier\meierti01,29.510094
922,Andrei Svechnikov\svechan01,29.669588
26,Joel Armia\armiajo01,29.929663
418,Vinnie Hinostroza\hinosvi01,30.159441
726,Cedric Paquette\paquece01,30.638931
445,Mattias Janmark\janmama02,30.69758
122,Pavel Buchnevich\buchnpa01,30.736958
296,Nick Foligno\foligni01,30.815975
775,Rickard Rakell\rakelri01,30.879555
801,Buddy Robinson\robinbu01,31.158493
220,Jake DeBrusk\debruja01,31.228708
802,Eric Robinson\robiner01,31.662884
864,Dominik Simon\simondo01,31.693457
856,Drew Shore\shoredr01,31.740025
45,Alex Barre-Boulet\barreal01,31.90342
692,Stefan Noesen\noesest01,32.521465
274,Adam Erne\ernead01,32.63031
879,Carl Soderberg\soderca01,32.807735
423,Mike Hoffman\hoffmmi02,32.99713
116,Connor Brown\brownco02,33.17453
693,Stefan Noesen\noesest01,33.408783
720,Kyle Palmieri\palmiky01,33.759388
608,Anthony Mantha\manthan01,34.029503
705,Logan O'Connor\oconnlo01,34.155445
306,Trent Frederic\fredetr01,34.39742
131,Paul Byron\byronpa01,34.556362
191,Brett Connolly\connobr01,34.55974
814,Patrick Russell\russepa01,34.64196
303,Liam Foudy\foudyli01,34.68257
91,Brock Boeser\boesebr01,34.94448
195,Nick Cousins\cousini01,34.998684
727,Cedric Paquette\paquece01,35.301487
587,Matt Luff\luffma01,35.356064
522,Karson Kuhlman\kuhlmka01,35.452213
300,Alex Formenton\formeal01,35.837017
959,Carsen Twarynski\twaryca01,35.9008
301,Filip Forsberg\forsbfi01,36.113823
385,Taylor Hall\hallta02,36.12704
368,Nikita Gusev\gusevni01,36.387722
484,Kasperi Kapanen\kapanka01,36.408684
244,Dillon Dube\dubedi01,36.581364
134,Drake Caggiula\caggidr01,37.115658
125,Andre Burakovsky\burakan01,37.167194
317,Alex Galchenyuk\galchal01,37.251335
931,Troy Terry\terrytr01,37.27716
982,Jakub Vrana\vranaja01,37.338345
923,Evgeny Svechnikov\svechev01,37.384335
732,David Pastrnak\pastrda01,37.813828
913,Tim Stützle\stuetti02,37.8166
476,Dominik Kahun\kahundo01,38.138996
417,Vinnie Hinostroza\hinosvi01,38.23062
989,Nathan Walker\walkena01,38.447823
652,Ilya Mikheyev\mikheil01,38.476227
641,Nicholas Merkley\merklni01,38.916325
436,Dryden Hunt\huntdr01,39.425392
927,Tomas Tatar\tatarto01,39.443634
219,Alex DeBrincat\debrial01,39.535484
132,Nicholas Caamano\caamani01,39.589264
416,Vinnie Hinostroza\hinosvi01,40.15165
356,Mikhail Grigorenko\grigomi01,40.346428
948,Matthew Tkachuk\tkachma01,40.53276
609,Anthony Mantha\manthan01,41.16196
331,Julien Gauthier\gauthju01,41.171566
540,Alexis Lafreniere\lafreal01,41.193817
415,Matthew Highmore\highmma01,41.48386
853,Kiefer Sherwood\sherwki01,41.914513
193,Kyle Connor\connoky01,41.930313
192,Brett Connolly\connobr01,42.235016
569,Vinni Lettieri\lettivi01,42.272587
812,Arttu Ruotsalainen\ruotsar01,42.361446
689,Frans Nielsen\nielsfr01,42.49009
512,Travis Konecny\konectr01,42.495094
329,Johnny Gaudreau\gaudrjo01,42.527664
203,Josh Currie\currijo01,42.5862
950,Tyler Toffoli\toffoty01,42.984398
746,David Perron\perroda01,43.845356
498,Adrian Kempe\kempead01,44.02867
324,Conor Garland\garlaco01,44.357616
444,Mattias Janmark\janmama02,44.761436
108,Jesper Bratt\brattje01,45.01727
312,Michael Frolik\frolimi01,45.251343
884,Daniel Sprong\spronda01,45.328537
60,Kieffer Bellows\belloki01,46.03358
270,Tyler Ennis\ennisty01,46.0506
594,Mackenzie MacEachern\maceama01,46.414448
983,Jakub Vrana\vranaja01,46.433586
872,Craig Smith\smithcr01,46.605316
253,Josh Dunne\dunnejo01,46.901443
721,Kyle Palmieri\palmiky01,47.082428
770,Alexander Radulov\radulal01,47.09191
87,Sammy Blais\blaissa01,47.38019
704,Drew O'Connor\oconndr01,47.398277
37,Josh Bailey\bailejo01,47.50319
30,Andreas Athanasiou\athanan01,47.503925
318,Alex Galchenyuk\galchal01,47.5416
544,Patrik Laine\lainepa01,47.72119
1028,Mats Zuccarello\zuccama01,47.960194
291,Warren Foegele\foegewa01,48.07171
249,Anthony Duclair\duclaan01,48.15256
500,Tanner Kero\kerota01,48.177002
528,Luke Kunin\kuninlu01,48.80289
981,Jakub Voracek\voracja01,48.80837
216,Chase De Leo\deleoch01,48.84278
866,Jeff Skinner\skinnje01,49.25734
904,Mark Stone\stonema01,49.527336
962,James van Riemsdyk\vanrija01,49.65474
103,Travis Boyd\boydtr01,49.68571
716,Max Pacioretty\pacioma01,49.76654
980,Alexander Volkov\volkoal01,49.99028
394,Jansen Harkins\harkija01,50.15599
204,Austin Czarnik\czarnau01,50.291706
86,Colin Blackwell\blackco01,50.40905
28,Rasmus Asplund\asplura01,50.869167
330,Frederik Gauthier\gauthfr01,51.32025
440,Zach Hyman\hymanza01,51.533478
600,Philippe Maillet\maillph01,51.66187
420,Taro Hirose\hirosta01,51.72991
535,Jordan Kyrou\kyroujo01,52.088512
272,Loui Eriksson\erikslo01,52.41164
21,Andy Andreoff\andrean01,52.62811
449,Tanner Jeannot\jeannta01,52.715668
728,Cedric Paquette\paquece01,52.827915
629,Max McCormick\mccorma01,53.132637
432,Cameron Hughes\hugheca01,53.456272
482,Evander Kane\kaneev01,53.733322
335,Nathan Gerbe\gerbena01,53.818314
483,Patrick Kane\kanepa01,53.884727
355,Noah Gregor\gregono01,54.399406
124,Michael Bunting\buntimi01,54.612404
76,Tyler Bertuzzi\bertuty01,54.651855
701,Joakim Nygard\nygarjo01,54.67788
603,Sean Malone\malonse01,55.30577
4,Andrew Agozzino\agozzan01,55.770317
495,Clayton Keller\kellecl01,55.84029
511,Leo Komarov\komarle01,56.02819
163,Sasha Chmelevski\chmelal01,56.13644
774,Michael Raffl\rafflmi01,56.333683
579,Par Lindholm\lindhpa01,56.522247
730,Zach Parise\parisza01,56.81024
612,Mason Marchment\marchma01,57.010963
353,Jordan Greenway\greenjo02,57.078194
292,Steven Fogarty\fogarst01,57.3688
847,Michael Sgarbossa\sgarbmi01,57.412407
986,Chris Wagner\wagnech01,57.48423
756,Brian Pinho\pinhobr01,57.78805
610,Brad Marchand\marchbr03,57.820137
984,Jakub Vrana\vranaja01,58.06065
638,Jayson Megna\megnaja01,58.2025
946,Owen Tippett\tippeow01,58.39126
822,Brandon Saad\saadbr01,58.704933
393,Mike Hardman\hardmmi01,59.081875
210,Zac Dalpe\dalpeza01,59.0839
993,Lucas Wallmark\wallmlu01,59.25045
327,Adam Gaudette\gaudead01,59.38455
916,Antti Suomela\suomean01,59.51905
62,Alex Belzile\belzial01,59.75674
320,Brendan Gallagher\gallabr01,59.807602
226,Grigori Denisenko\denisgr01,60.80221
135,Drake Caggiula\caggidr01,60.825577
336,Timothy Gettinger\gettiti01,61.266895
497,Parker Kelly\kellypa01,61.624344
120,Patrick Brown\brownpa02,61.63911
536,Joel L'Esperance\lespejo01,61.668724
517,Peyton Krebs\krebspe01,62.425777
311,Byron Froese\froesby01,62.77694
538,Tanner Laczynski\laczyta01,63.681805
446,Mattias Janmark\janmama02,63.849674
186,Blake Comeau\comeabl01,64.250175
313,Morgan Frost\frostmo01,64.48103
235,Ryan Donato\donatry01,64.81495
149,Jeff Carter\carteje01,64.868454
636,Connor McMichael\mcmicco01,64.93831
371,David Gustafsson\gustada01,65.05738
47,Morgan Barron\barromo01,65.70577
939,Joe Thornton\thornjo01,65.71934
450,Jan Jenik\jenikja01,66.03842
156,Michael Chaput\chapumi01,66.3119
454,Marcus Johansson\johanma03,66.46113
708,Kyle Okposo\okposky01,66.55649
702,William Nylander\nylanwi01,66.95576
969,Carter Verhaeghe\verhaca01,67.442245
628,Michael McCarron\mccarmi01,67.58963
271,Mackenzie Entwistle\entwima01,68.06154
722,Artemi Panarin\panarar01,68.8682
151,Jackson Cates\catesja01,69.28155
19,Lias Andersson\anderli01,69.28242
431,Jonathan Huberdeau\huberjo01,70.17346
848,Yegor Sharangovich\sharaye01,70.22715
333,Glenn Gawdin\gawdigl01,71.008
387,Taylor Hall\hallta02,71.068825
956,Alexander True\trueal01,71.69409
760,Rem Pitlick\pitlire01,71.744865
850,Andrew Shaw\shawan01,72.181206
873,Gemel Smith\smithge02,72.85101
930,Teuvo Teravainen\teravte01,73.54967
817,Adam Ruzicka\ruzicad01,74.0464
447,Calle Jarnkrok\jarnkca01,74.82084
968,Joseph Veleno\velenjo01,74.87531
596,Ryan MacInnis\macinry01,75.6013
14,Michael Amadio\amadimi01,76.020096
115,Adam Brooks\brookad01,76.04663
776,Mikko Rantanen\rantami01,76.89377
1026,Radim Zohorna\zohorra01,77.18181
262,Nikolaj Ehlers\ehlerni01,77.39475
899,Mitchell Stephens\stephmi01,79.631676
242,Jonathan Drouin\drouijo01,79.6698
615,Mitch Marner\marnemi01,79.99582
95,Jesper Boqvist\boqvije01,80.2857
799,Jason Robertson\roberja01,80.56815
215,Jacob de La Rose\delarja01,80.6349
467,Mathieu Joseph\josepma01,80.92664
686,Alex Newhook\newhoal01,82.8511
633,Greg McKegg\mckeggr01,83.12687
323,Rhett Gardner\gardnrh01,83.4472
611,Jonathan Marchessault\audymjo01,84.301735
142,Ryan Carpenter\carpery01,84.479065
679,Martin Necas\necasma01,85.3807
145,Sam Carrick\carrisa01,85.74227
326,Adam Gaudette\gaudead01,85.97462
239,Justin Dowling\dowliju01,86.099106
842,Tyler Seguin\seguity01,86.28327
855,Devin Shore\shorede01,86.813576
496,Joel Kellman\kellmjo01,87.06852
469,Dakota Joshua\joshuda01,87.45564
325,Adam Gaudette\gaudead01,89.976494
78,Clark Bishop\bishocl01,90.154175
912,Nico Sturm\sturmni01,90.440445
23,Artem Anisimov\anisiar01,90.75543
1021,Travis Zajac\zajactr01,91.77578
539,Sam Lafferty\laffesa01,91.813416
129,Quinton Byfield\byfiequ01,93.69551
223,Ty Dellandrea\dellaty01,93.70828
390,Fredrik Händemark\handefr01,94.22628
698,Ryan Nugent-Hopkins\nugenry01,95.39004
635,Ryan McLeod\mcleory01,95.526726
457,Luke Johnson\johnslu01,95.76025
509,Mikko Koivu\koivumi01,95.81977
530,Rasmus Kupari\kuparra01,96.98971
247,Pierre-Luc Dubois\duboipi01,97.43989
742,Lane Pederson\pederla01,98.23961
123,Connor Bunnaman\bunnaco01,99.92431
557,Anders Lee\leean01,102.46207
911,Jack Studnicka\studnja01,103.6869
350,Tyler Graovac\graovty01,104.184906
403,Barrett Hayton\haytoba01,108.32818
803,Evan Rodrigues\rodriev01,108.7469
69,Sam Bennett\bennesa01,112.01533
510,Keegan Kolesar\koleske01,114.30714
13,Michael Amadio\amadimi01,114.494255
619,Jordan Martinook\martijo01,116.10324
627,Jared McCann\mccanja01,117.08485
33,David Backes\backeda01,117.16179
791,Brad Richardson\richabr02,118.372375
555,Curtis Lazar\lazarcu01,118.38183
1024,Trevor Zegras\zegratr01,118.638954
104,Travis Boyd\boydtr01,120.65673
992,Lucas Wallmark\wallmlu01,120.87958
316,Sam Gagner\gagnesa01,122.28512
757,Shane Pinto\pintosh01,123.489845
102,Travis Boyd\boydtr01,125.87741
991,Lucas Wallmark\wallmlu01,127.06448
295,Nick Foligno\foligni01,130.7166
334,Morgan Geekie\geekimo01,130.93997
751,Elias Pettersson\petteel01,132.09586
12,Michael Amadio\amadimi01,132.37656
604,Mikhail Maltsev\maltsmi01,133.81049
888,Eric Staal\staaler01,134.92438
70,Sam Bennett\bennesa01,135.42654
958,Kyle Turris\turriky01,136.36261
199,Dylan Cozens\cozendy01,138.0245
276,Robby Fabbri\fabbrro01,140.02905
43,Ivan Barbashev\barbaiv01,142.4634
194,Andrew Copp\coppan01,143.4886
294,Nick Foligno\foligni01,143.5798
206,Kirby Dach\dachki01,147.93076
786,Sam Reinhart\reinhsa01,149.40002
429,Brett Howden\howdebr01,149.70628
614,Patrick Marleau\marlepa01,150.00569
328,Frederick Gaudreau\gaudrfr01,150.63533
554,Curtis Lazar\lazarcu01,150.7214
915,Oskar Sundqvist\sundqos01,151.1264
897,Kevin Stenlund\stenlke01,152.84276
532,Philipp Kurashev\kurasph01,153.09625
286,Valtteri Filppula\filppva01,153.70734
269,Pierre Engvall\engvapi01,157.18863
230,Jason Dickinson\dickija01,157.88133
185,Ross Colton\coltoro01,158.22629
545,Juho Lammikko\lammiju01,158.75731
375,Gaetan Haas\haasga01,159.9479
947,Brady Tkachuk\tkachbr01,161.10214
898,Derek Stepan\stepade01,161.11316
150,Jeff Carter\carteje01,163.32736
936,Nate Thompson\thompna01,165.33975
778,Michael Rasmussen\rasmumi01,166.74161
68,Sam Bennett\bennesa01,167.01025
85,Nick Bjugstad\bjugsni01,170.39706
713,T.J. Oshie\oshietj01,170.76556
819,Derek Ryan\ryande01,171.52664
148,Jeff Carter\carteje01,172.79176
935,Robert Thomas\thomaro01,175.11557
499,Alexander Kerfoot\kerfoal01,175.34094
18,Jaret Anderson-Dolan\anderja01,175.40472
676,Vladislav Namestnikov\namesvl01,175.62567
53,Jay Beagle\beaglja01,179.18912
584,Steven Lorentz\lorenst01,179.95108
248,Matt Duchene\duchema01,181.1421
342,Cody Glass\glassco01,181.64267
677,Riley Nash\nashri02,182.06972
246,Pierre-Luc Dubois\duboipi01,182.29196
345,Barclay Goodrow\goodrba01,182.77625
737,Nolan Patrick\patrino01,184.4929
553,Curtis Lazar\lazarcu01,184.64476
887,Eric Staal\staaler01,185.19293
932,Alexandre Texier\texieal01,185.38828
459,Tyler Johnson\johnsty01,185.976
810,Nicolas Roy\royni01,188.11395
443,Mark Jankowski\jankoma01,190.91078
502,Jujhar Khaira\khairju01,191.9877
589,Eetu Luostarinen\luostee01,194.02477
234,Max Domi\domima01,194.52719
581,Blake Lizotte\lizotbl01,196.14372
166,Filip Chytil\chytifi01,196.57013
245,Pierre-Luc Dubois\duboipi01,199.57973
531,Sean Kuraly\kuralse01,200.15765
471,Tyson Jost\jostty01,200.21883
588,Isac Lundestrom\lundeis01,201.75926
877,Carl Soderberg\soderca01,204.12123
421,Nico Hischier\hischni01,208.31927
878,Carl Soderberg\soderca01,208.49707
59,Pierre-Edouard Bellemare\bellepi01,209.5626
602,Evgeni Malkin\malkiev01,212.07608
805,Kevin Rooney\rooneke01,212.5723
49,Mathew Barzal\barzama01,214.37393
908,Dylan Strome\stromdy01,216.21884
1003,Colin White\whiteco02,217.31212
275,Jake Evans\evansja02,217.55237
105,Tyler Bozak\bozakty01,220.26527
263,Jack Eichel\eicheja01,222.84659
697,Tomas Nosek\nosekto01,225.0059
738,Nick Paul\paulni01,226.2674
895,Sam Steel\steelsa01,227.28859
551,Scott Laughton\laughsc01,227.43283
258,Cody Eakin\eakinco01,228.167
107,Derick Brassard\brassde01,229.38022
886,Eric Staal\staaler01,236.22758
90,Teddy Blueger\bluegte01,236.46796
1,Noel Acciari\acciano01,236.76628
348,Mikael Granlund\granlmi01,238.03647
920,Brandon Sutter\suttebr03,241.4524
397,Ryan Hartman\hartmry01,242.11897
167,Anthony Cirelli\cirelan01,242.23514
660,Casey Mittelstadt\mitteca01,244.28584
187,J.T. Compher\comphj.01,244.39891
851,Riley Sheahan\sheahri01,244.40297
198,Charlie Coyle\coylech01,245.61412
451,Boone Jenner\jennebo01,251.36977
399,Erik Haula\haulaer01,251.54922
891,Steven Stamkos\stamkst01,252.21777
402,Kevin Hayes\hayeske01,254.01965
64,Jamie Benn\bennja01,256.81622
777,Victor Rask\raskvi01,258.4692
349,Derek Grant\grantde01,258.62906
883,Jason Spezza\spezzja01,259.8671
550,Johan Larsson\larssjo02,262.07065
409,Adam Henrique\henriad01,262.9496
321,Dylan Gambrell\gambrdy01,263.93167
1020,Travis Zajac\zajactr01,266.05408
533,Evgeny Kuznetsov\kuzneev01,267.95032
515,Jesperi Kotkaniemi\kotkaje01,268.87747
940,Chris Tierney\tiernch01,270.76602
634,Michael McLeod\mcleomi01,271.97076
656,J.T. Miller\millejt01,273.8111
337,Ryan Getzlaf\getzlry01,276.54526
893,Paul Stastny\stastpa01,276.7269
838,Nick Schmaltz\schmani01,279.8371
168,Casey Cizikas\cizikca01,280.05804
865,Colton Sissons\sissoco01,280.2844
546,Gabriel Landeskog\landega01,282.88632
763,Brayden Point\pointbr01,284.1944
419,Roope Hintz\hintzro01,289.013
1019,Travis Zajac\zajactr01,289.1223
836,Brayden Schenn\schenbr01,294.95737
918,Pius Suter\suterpi01,298.05386
806,Jack Roslovic\rosloja01,302.43542
975,Gabriel Vilardi\vilarga01,302.52768
278,Radek Faksa\faksara01,302.7464
1015,Pavel Zacha\zachapa01,306.80838
93,Nick Bonino\boninni01,308.0576
598,Nathan MacKinnon\mackina01,310.84506
433,Jack Hughes\hugheja03,311.40662
267,Lars Eller\ellerla01,313.35913
519,David Krejci\krejcda01,313.41394
347,Yanni Gourde\gourdya01,314.15015
238,Nic Dowd\dowdni01,318.89505
480,David Kampf\kampfda01,321.38956
547,Dylan Larkin\larkidy01,323.2563
661,Sean Monahan\monahse01,329.36072
680,Brock Nelson\nelsobr01,332.33173
696,Joshua Norris\norrijo01,332.4601
585,Adam Lowry\lowryad01,336.24164
343,Luke Glendening\glendlu01,340.3345
475,Nazem Kadri\kadrina01,345.23395
34,Mikael Backlund\backlmi01,347.82297
739,Joe Pavelski\paveljo01,348.6693
835,Mark Scheifele\scheima01,358.58832
6,Sebastian Aho\ahose01,358.77512
900,Chandler Stephenson\stephch02,361.6049
197,Sean Couturier\coutuse01,361.83542
453,Ryan Johansen\johanry01,363.40646
1000,Alexander Wennberg\wennbal01,364.8284
35,Nicklas Backstrom\backsni02,368.2557
954,Vincent Trocheck\trochvi01,368.83444
717,Jean-Gabriel Pageau\pageaje01,369.87988
909,Ryan Strome\stromry01,377.47842
921,Nick Suzuki\suzukni01,380.2331
341,Claude Giroux\giroucl01,381.38663
196,Logan Couture\coutulo01,385.45798
273,Joel Eriksson Ek\eriksjo02,388.006
630,Connor McDavid\mcdavco01,390.62347
211,Phillip Danault\danauph01,393.67224
411,Tomas Hertl\hertlto01,401.25888
928,John Tavares\tavarjo01,411.25058
622,Auston Matthews\matthau01,422.9333
254,Christian Dvorak\dvorach01,438.39453
487,William Karlsson\karlswi01,443.7413
577,Elias Lindholm\lindhel01,458.49802
889,Jordan Staal\staaljo01,464.06378
1025,Mika Zibanejad\zibanmi01,480.49368
44,Aleksander Barkov\barkoal01,480.66653
513,Anze Kopitar\kopitan01,487.52933
428,Bo Horvat\horvabo01,501.8521
73,Patrice Bergeron\bergepa01,504.81113
240,Leon Draisaitl\draisle01,519.7393
706,Ryan O'Reilly\oreilry01,532.2607
201,Sidney Crosby\crosbsi01,564.65424
