,Player,G2022
118,Josh Brown\brownjo01,0.544582
176,Braydon Coburn\coburbr01,0.55341834
314,Kurtis Gabriel\gabriku01,0.5700229
177,Braydon Coburn\coburbr01,0.58774817
98,Mark Borowiecki\borowma01,0.70048743
456,Jack Johnson\johnsja02,0.77069163
384,Micheal Haley\haleymi01,0.84204817
929,Matt Tennyson\tennyma01,0.8554581
178,Braydon Coburn\coburbr01,0.88837725
382,Jani Hakanpaa\hakanja01,0.90796643
71,Matt Benning\bennima01,0.9873066
943,Jarred Tinordi\tinorja01,0.9930591
92,Zach Bogosian\bogosza01,0.99594736
57,Nathan Beaulieu\beaulna01,1.0050318
169,Fredrik Claesson\claesfr01,1.0229839
795,Zac Rinaldo\rinalza01,1.048942
442,Matt Irwin\irwinma01,1.0576789
422,Niklas Hjalmarsson\hjalmni01,1.082115
997,Yannick Weber\weberya01,1.099295
526,Dmitry Kulikov\kulikdm01,1.1047703
99,Robert Bortuzzo\borturo01,1.1076587
653,Niko Mikkola\mikkoni01,1.1243323
364,Erik Gudbranson\gudbrer01,1.1282833
832,Luca Sbisa\sbisalu01,1.1348339
48,Matt Bartkowski\bartkma01,1.1348339
645,Jonathon Merrill\merrijo01,1.1357828
463,Caleb Jones\jonesca01,1.1365539
734,Greg Pateryn\patergr01,1.1423028
171,Fredrik Claesson\claesfr01,1.1496199
183,Ian Cole\coleia01,1.158135
857,Jonas Siegenthaler\siegejo01,1.1614461
508,Slater Koekkoek\koekksl01,1.1721568
67,Jordie Benn\bennjo01,1.1749178
366,Carl Gunnarsson\gunnaca01,1.1844186
189,Kevin Connauton\connake01,1.1915689
831,David Savard\savarda01,1.2095776
667,Samuel Morin\morinsa01,1.216073
685,Nikita Nesterov\nesteni01,1.2231785
225,Jason Demers\demerja01,1.226286
658,Kevan Miller\milleke03,1.2477919
525,Dmitry Kulikov\kulikdm01,1.2486045
811,Chad Ruhwedel\ruhwech01,1.2695423
643,Jonathon Merrill\merrijo01,1.277491
455,Erik Johnson\johnser01,1.2802197
212,Brandon Davidson\davidbr01,1.2879404
591,Olli Maatta\maattol01,1.2938948
684,Aaron Ness\nessaa01,1.296005
945,Jarred Tinordi\tinorja01,1.2964789
644,Jonathon Merrill\merrijo01,1.2977841
764,Tucker Poolman\poolmtu01,1.3045887
523,Dean Kukan\kukande01,1.3079965
977,Marc-Edouard Vlasic\vlasima01,1.3153918
541,William Lagesson\lageswi01,1.3181148
200,Joseph Cramarossa\cramajo01,1.3205171
380,Libor Hajek\hajekli01,1.3236243
205,Kevin Czuczman\czuczke01,1.3286436
182,Ian Cole\coleia01,1.330929
381,Jani Hakanpaa\hakanja01,1.3337817
392,Joel Hanley\hanlejo01,1.3342159
590,Ilya Lyubushkin\lyubuil01,1.3347778
352,Andy Greene\greenan01,1.337571
807,Antoine Roussel\roussan01,1.3434691
781,Ryan Reaves\reavery01,1.3476537
966,Sami Vatanen\vatansa01,1.3535112
181,Ian Cole\coleia01,1.3581901
823,Scott Sabourin\sabousc01,1.3704321
11,Mark Alt\altma01,1.3943977
224,Dylan DeMelo\demeldy01,1.3947423
646,Victor Mete\metevi01,1.4006342
461,Ross Johnston\johnsro02,1.4017977
963,Trevor van Riemsdyk\vanritr01,1.4057394
170,Fredrik Claesson\claesfr01,1.43572
862,Radim Simek\simekra01,1.4387662
606,Josh Manson\mansojo01,1.4394125
714,Xavier Ouellet\ouellxa01,1.4425714
77,Alex Biega\biegaal01,1.4434565
999,Andy Welinski\welinan01,1.4459543
843,Andrej Sekera\sekeran01,1.4546287
703,Liam O'Brien\obrieli01,1.462952
412,Thomas Hickey\hicketh01,1.4752269
289,Haydn Fleury\fleurha01,1.4775219
813,Kris Russell\russekr01,1.4778322
936,Nate Thompson\thompna01,1.4812481
425,Nick Holden\holdeni01,1.5091397
96,William Borgen\borgewi01,1.5105213
736,Greg Pateryn\patergr01,1.5134367
837,Luke Schenn\schenlu01,1.5164874
227,Travis Dermott\dermotr01,1.5175605
759,Brandon Pirri\pirribr01,1.5326653
3,Kenny Agostino\agostke01,1.5383506
143,Daniel Carr\carrda01,1.5415848
691,Sami Niku\nikusa01,1.542063
974,Jeffrey Viel\vielje01,1.5452428
362,Erik Gudbranson\gudbrer01,1.5496768
820,Joakim Ryan\ryanjo02,1.5551515
121,Jacob Bryson\brysoja01,1.5624839
158,Jalen Chatfield\chatfja01,1.5665019
527,Dmitry Kulikov\kulikdm01,1.5674257
439,Ben Hutton\huttobe01,1.5755417
642,Dakota Mermis\mermida01,1.5854684
944,Jarred Tinordi\tinorja01,1.586605
109,Justin Braun\braunju01,1.589436
395,Ben Harpur\harpube01,1.593146
241,Sheldon Dries\driessh01,1.6111599
65,Jordie Benn\bennjo01,1.614437
780,Kyle Rau\rauky01,1.6284964
794,Juuso Riikola\riikoju01,1.6332662
174,Connor Clifton\cliftco01,1.6342418
830,David Savard\savarda01,1.6407753
1017,Nikita Zadorov\zadorni01,1.6445986
490,Zack Kassian\kassiza01,1.6556454
901,Riley Stillman\stillri01,1.6557208
694,Stefan Noesen\noesest01,1.6587911
363,Erik Gudbranson\gudbrer01,1.6690679
310,Martin Frk\frkma01,1.673634
592,Kurtis MacDermid\macdeku01,1.6760606
66,Jordie Benn\bennjo01,1.6777877
672,Ryan Murray\murrary01,1.6822053
297,Callan Foote\footeca01,1.6908224
735,Greg Pateryn\patergr01,1.6966059
988,Daniel Walcott\walcoda01,1.701668
906,Anton Stralman\stralan01,1.7141074
816,Jan Rutta\ruttaja02,1.7149553
41,Alexander Barabanov\barabal01,1.7189374
856,Drew Shore\shoredr01,1.7234467
309,Mark Friedman\friedma01,1.7296228
53,Jay Beagle\beaglja01,1.7303544
157,Zdeno Chara\charazd01,1.7361963
665,John Moore\moorejo01,1.737819
903,Riley Stillman\stillri01,1.7418967
624,Gerald Mayhew\mayhege01,1.7430207
338,Dennis Gilbert\gilbede01,1.7460271
1009,Christian Wolanin\wolanch01,1.7496833
733,Greg Pateryn\patergr01,1.7529281
549,Jacob Larsson\larssja01,1.758366
788,Dan Renouf\renouda01,1.7587895
907,Austin Strand\stranau01,1.7620695
859,Jonas Siegenthaler\siegejo01,1.7690936
762,Austin Poganski\poganau01,1.7691238
870,C.J. Smith\smithcj01,1.7707489
637,Brayden McNabb\mcnabbr01,1.7729429
965,Sami Vatanen\vatansa01,1.7774286
858,Jonas Siegenthaler\siegejo01,1.7797189
378,Robert Hagg\haggro01,1.7810063
217,Jean-Sebastien Dea\deaje01,1.7970604
375,Gaetan Haas\haasga01,1.7986633
829,David Savard\savarda01,1.8051522
354,A.J. Greer\greeraj01,1.8119066
964,Sami Vatanen\vatansa01,1.8161415
741,Matthew Peca\pecama01,1.8194096
315,Jonah Gadjovich\gadjojo01,1.8205757
570,Tyler Lewington\lewinty01,1.8248202
934,Ben Thomas\thomabe01,1.839435
10,Olle Alsing\alsinol01,1.8397572
17,Michael Anderson\andermi02,1.8469
127,Kyle Burroughs\burroky01,1.8549858
1023,Jakub Zboril\zborija01,1.8590193
650,Jacob Middleton\middlja01,1.8707255
890,Marc Staal\staalma01,1.8737271
473,Tomas Jurco\jurcoto01,1.8777361
787,Sheldon Rempal\rempash01,1.8848709
437,Ben Hutton\huttobe01,1.9049559
448,Christian Jaros\jarosch01,1.9061652
72,Simon Benoit\benoisi01,1.9069929
213,Jeremy Davies\davieje01,1.9127777
595,Zack MacEwen\macewza01,1.9141386
458,Reese Johnson\johnsre01,1.9198794
871,Cole Smith\smithco02,1.9286723
136,Matt Calvert\calvema01,1.9354863
489,Ondrej Kase\kaseon01,1.9358975
322,Jake Gardiner\gardija01,1.9362277
332,Vladislav Gavrikov\gavrivl01,1.948454
682,Patrik Nemeth\nemetpa01,1.956114
281,Hudson Fasching\faschhu01,1.9691646
731,Brinson Pasichnuk\pasicbr01,1.9771465
38,Justin Bailey\baileju01,1.9852012
488,David Kase\kaseda01,1.9875078
801,Buddy Robinson\robinbu01,1.989087
552,Jeremy Lauzon\lauzoje01,1.995939
493,Brady Keeper\keepebr01,1.9961395
111,T.J. Brodie\broditj01,1.9976543
141,Lucas Carlsson\carlslu01,2.0161102
503,Matt Kiersted\kiersma01,2.022794
438,Ben Hutton\huttobe01,2.0251193
833,Marco Scandella\scandma01,2.0288537
749,Nic Petan\petanni01,2.0291195
79,Anthony Bitetto\bitetan01,2.0320842
952,Dominic Toninato\tonindo01,2.03289
156,Michael Chaput\chapumi01,2.0375543
101,Madison Bowey\boweyma01,2.0379193
374,Erik Gustafsson\gustaer02,2.0434005
941,Dmytro Timashov\timasdm01,2.0450501
524,Brett Kulak\kulakbr01,2.0460773
573,Kole Lind\lindko01,2.0496652
414,Matthew Highmore\highmma01,2.0513194
925,Chris Tanev\tanevch01,2.0606213
481,Steven Kampfer\kampfst01,2.0625508
864,Dominik Simon\simondo01,2.0658069
654,Sonny Milano\milanso01,2.0673115
418,Vinnie Hinostroza\hinosvi01,2.069947
221,Danny DeKeyser\dekeyda01,2.0761523
110,Guillaume Brisebois\brisegu01,2.083122
769,Mark Pysyk\pysykma01,2.0841055
854,Kole Sherwood\sherwko01,2.084966
61,Louis Belpedio\belpelo01,2.0859296
681,Patrik Nemeth\nemetpa01,2.0878859
561,Mikko Lehtonen\lehtomi03,2.0930595
651,Keaton Middleton\middlke01,2.0939462
491,Martin Kaut\kautma01,2.095489
692,Stefan Noesen\noesest01,2.101574
8,Frederic Allard\allarfr01,2.1025574
567,Otto Leskinen\leskiot01,2.1054246
214,Calvin de Haan\dehaaca01,2.105821
137,Kyle Capobianco\capobky01,2.1129043
683,Patrik Nemeth\nemetpa01,2.1144156
104,Travis Boyd\boydtr01,2.1267335
474,Noah Juulsen\juulsno01,2.1335864
844,Zachary Senyshyn\senysza01,2.1381412
693,Stefan Noesen\noesest01,2.1560693
162,Filip Chlapik\chlapfi01,2.1622074
146,Alexandre Carrier\carrial01,2.163201
0,Vitaly Abramov\abramvi01,2.1647162
689,Frans Nielsen\nielsfr01,2.1655061
74,Lean Bergmann\bergmle01,2.1655767
771,Brogan Rafferty\raffebr01,2.168093
659,Ian Mitchell\mitchia01,2.169466
15,Joey Anderson\anderjo08,2.1696806
970,Kristian Vesalainen\vesalkr01,2.1727283
5,Jack Ahcan\ahcanja01,2.1745987
1007,Christian Wolanin\wolanch01,2.179793
97,Andreas Borgman\borgman01,2.1829019
311,Byron Froese\froesby01,2.1890366
1004,Colton White\whiteco03,2.1911435
560,Mikko Lehtonen\lehtomi03,2.1947436
218,Anthony DeAngelo\deangan01,2.1952865
260,Alexander Edler\edleral01,2.1958206
640,Nicolas Meloche\melocni01,2.1986303
119,Logan Brown\brownlo01,2.1986976
130,Bowen Byram\byrambo01,2.2077188
472,Olli Juolevi\juoleol01,2.210519
671,Brett Murray\murrabr02,2.2177052
534,Oliver Kylington\kylinol01,2.2195306
755,Garrett Pilon\pilonga01,2.2206104
559,Mikko Lehtonen\lehtomi03,2.2241502
647,Victor Mete\metevi01,2.228408
582,William Lockwood\lockwwi01,2.2316692
84,Tobias Bjornfot\bjornto01,2.235518
1008,Christian Wolanin\wolanch01,2.2391036
299,Derek Forbort\forbode01,2.245366
435,Brad Hunt\huntbr01,2.245895
821,Drake Rymsha\rymshdr01,2.2475023
81,Anders Bjork\bjorkan01,2.2589142
296,Nick Foligno\foligni01,2.263954
572,Timothy Liljegren\liljeti01,2.26653
752,Marcus Pettersson\pettema01,2.2718074
728,Cedric Paquette\paquece01,2.2772229
917,Maksim Sushko\sushkma01,2.2910948
695,Joakim Nordstrom\nordsjo02,2.3040593
707,Jordan Oesterle\oestejo01,2.3090618
753,Matthew Phillips\phillma01,2.3114963
144,Connor Carrick\carrico01,2.3208964
1014,Cameron York\yorkca01,2.3360054
580,Gustav Lindstrom\lindsgu01,2.336351
614,Patrick Marleau\marlepa01,2.3367856
782,Alec Regula\regulal01,2.3368359
288,Haydn Fleury\fleurha01,2.3391845
896,Oskar Steen\steenos01,2.3409123
942,Conor Timmins\timmico01,2.3467405
828,Steven Santini\santist01,2.3581033
452,Nick Jensen\jenseni02,2.37759
626,Jake McCabe\mccabja01,2.3782594
507,Nikolai Knyzhov\knyzhni01,2.3874574
548,Adam Larsson\larssad01,2.3911848
401,John Hayden\haydejo01,2.3953967
492,Joey Keane\keanejo01,2.4046233
1013,Jesse Ylönen\yloneje01,2.4076736
879,Carl Soderberg\soderca01,2.4199264
1005,Zach Whitecloud\whiteza01,2.4246695
280,David Farrance\farrada01,2.4327617
743,Andrew Peeke\peekean01,2.4387193
789,Tarmo Reunanen\reunata01,2.4426079
55,Ethan Bear\bearet01,2.4507613
75,Jacob Bernard-Docker\bernaja01,2.4516559
88,Joachim Blichfeld\blichjo01,2.4541852
231,Brenden Dillon\dillobr01,2.4559765
203,Josh Currie\currijo01,2.4619927
21,Andy Andreoff\andrean01,2.4727216
938,Tyce Thompson\thompty01,2.4761481
628,Michael McCarron\mccarmi01,2.4820967
450,Jan Jenik\jenikja01,2.4843783
159,Ivan Chekhovich\chekhiv01,2.5061934
804,Alexander Romanov\romanal01,2.5219662
138,Brandon Carlo\carlobr01,2.5234954
649,Marc Michaelis\michama01,2.5418086
358,Jordan Gross\grossjo01,2.547972
2,Calen Addison\addisca01,2.5480795
544,Patrik Laine\lainepa01,2.553503
514,Klim Kostin\kostikl01,2.5582666
905,Michael Stone\stonemi01,2.561046
959,Carsen Twarynski\twaryca01,2.5778303
323,Rhett Gardner\gardnrh01,2.6103466
790,Justin Richards\richaju01,2.6147091
406,Ville Heinola\heinovi01,2.6185906
1027,Artem Zub\zubar01,2.6275914
114,Mathias Brome\bromema01,2.63457
164,Dennis Cholowski\cholode01,2.6445174
253,Josh Dunne\dunnejo01,2.6613755
960,Urho Vaakanainen\vaakaur01,2.6673305
808,Carter Rowney\rowneca01,2.6719196
814,Patrick Russell\russepa01,2.672041
330,Frederik Gauthier\gauthfr01,2.673755
881,Marcus Sorensen\sorenma01,2.6814332
4,Andrew Agozzino\agozzan01,2.6833355
648,Victor Mete\metevi01,2.6917794
1022,Yegor Zamula\zamulye01,2.6948993
809,Matt Roy\royma04,2.6983304
216,Chase De Leo\deleoch01,2.7003796
600,Philippe Maillet\maillph01,2.7235754
36,Kevin Bahl\bahlke01,2.7364106
312,Michael Frolik\frolimi01,2.7531798
621,Stefan Matteau\mattest02,2.7744386
631,Ryan McDonagh\mcdonry01,2.7753515
773,Michael Raffl\rafflmi01,2.781603
847,Michael Sgarbossa\sgarbmi01,2.783739
629,Max McCormick\mccorma01,2.8001575
892,Logan Stanley\stanllo01,2.8009841
882,Carson Soucy\soucyca01,2.8011332
462,Henri Jokiharju\jokihhe01,2.805013
623,Scott Mayfield\mayfisc01,2.8168721
160,Ben Chiarot\chiarbe01,2.8186357
204,Austin Czarnik\czarnau01,2.8221416
569,Vinni Lettieri\lettivi01,2.848677
824,Mattias Samuelsson\samuema02,2.8543446
47,Morgan Barron\barromo01,2.8676264
261,Joel Edmundson\edmunjo01,2.8691027
539,Sam Lafferty\laffesa01,2.8887858
869,Brendan Smith\smithbr05,2.899902
511,Leo Komarov\komarle01,2.9005673
583,Ryan Lomberg\lombery01,2.9105062
593,Jacob MacDonald\macdoja02,2.928704
509,Mikko Koivu\koivumi01,2.9365575
215,Jacob de La Rose\delarja01,2.974677
596,Ryan MacInnis\macinry01,2.9789178
56,Nicolas Beaudin\beaudni01,2.9894283
578,Hampus Lindholm\lindhha01,3.0025895
426,Justin Holl\hollju01,3.007283
175,Cal Clutterbuck\cluttca01,3.0153034
727,Cedric Paquette\paquece01,3.015667
986,Chris Wagner\wagnech01,3.0507896
916,Antti Suomela\suomean01,3.0661395
361,Radko Gudas\gudasra01,3.0710056
478,Arthur Kaliyev\kaliyar01,3.0774744
344,Alex Goligoski\goligal01,3.0810885
209,Michael Dal Colle\dalcomi01,3.1071327
373,Erik Gustafsson\gustaer02,3.1214206
993,Lucas Wallmark\wallmlu01,3.1265273
432,Cameron Hughes\hugheca01,3.1269338
638,Jayson Megna\megnaja01,3.1474197
873,Gemel Smith\smithge02,3.1502473
120,Patrick Brown\brownpa02,3.159383
888,Eric Staal\staaler01,3.1643257
800,Nicholas Robertson\roberni01,3.1646035
284,Mario Ferraro\ferrama01,3.1789548
251,Brian Dumoulin\dumoubr01,3.188507
232,Christian Djoos\djoosch01,3.189281
258,Cody Eakin\eakinco01,3.1947556
902,Riley Stillman\stillri01,3.1981976
272,Loui Eriksson\erikslo01,3.2016711
956,Alexander True\trueal01,3.220305
497,Parker Kelly\kellypa01,3.2275906
603,Sean Malone\malonse01,3.2342024
538,Tanner Laczynski\laczyta01,3.23544
564,Brendan Lemieux\lemiebr01,3.2596266
894,Troy Stecher\stechtr01,3.28076
756,Brian Pinho\pinhobr01,3.282327
677,Riley Nash\nashri02,3.29097
389,Travis Hamonic\hamontr01,3.2939715
579,Par Lindholm\lindhpa01,3.2967074
333,Glenn Gawdin\gawdigl01,3.3303583
153,Cody Ceci\cecico01,3.3423839
958,Kyle Turris\turriky01,3.3451355
849,Kevin Shattenkirk\shattke01,3.3622406
819,Derek Ryan\ryande01,3.3640833
994,Jake Walman\walmaja01,3.364637
973,Jimmy Vesey\veseyji02,3.3702338
142,Ryan Carpenter\carpery01,3.386388
14,Michael Amadio\amadimi01,3.3952746
400,Jayce Hawryluk\hawryja01,3.4172995
1018,Nikita Zaitsev\zaitsni01,3.417508
429,Brett Howden\howdebr01,3.4281025
825,Rasmus Sandin\sandira01,3.4331355
726,Cedric Paquette\paquece01,3.4333098
52,Gavin Bayreuther\bayrega01,3.433717
919,Ryan Suter\suterry01,3.4365027
613,John Marino\marinjo01,3.4486647
670,Connor Murphy\murphco02,3.457693
372,Erik Gustafsson\gustaer02,3.4665
466,Zachary Jones\jonesza01,3.4674356
704,Drew O'Connor\oconndr01,3.4711602
222,Michael Del Zotto\delzomi01,3.4769561
396,Scott Harrington\harrisc01,3.4802492
13,Michael Amadio\amadimi01,3.4932287
54,Jake Bean\beanja01,3.504732
729,Colton Parayko\parayco01,3.5161042
744,Adam Pelech\pelecad01,3.5198908
12,Michael Amadio\amadimi01,3.520599
635,Ryan McLeod\mcleory01,3.5227876
955,Jacob Trouba\troubja01,3.5438006
494,Duncan Keith\keithdu01,3.5585759
190,Brett Connolly\connobr01,3.5616674
62,Alex Belzile\belzial01,3.5824888
179,Dylan Coghlan\coghldy01,3.5837753
655,Colin Miller\milleco02,3.602511
961,Juuso Valimaki\valimju01,3.611786
701,Joakim Nygard\nygarjo01,3.6193001
899,Mitchell Stephens\stephmi01,3.620556
784,Mike Reilly\reillmi01,3.631279
319,Alex Galchenyuk\galchal01,3.6543314
277,Dante Fabbro\fabbrda01,3.6592402
657,K'Andre Miller\milleka01,3.6837304
991,Lucas Wallmark\wallmlu01,3.6899908
413,Matthew Highmore\highmma01,3.6923008
992,Lucas Wallmark\wallmlu01,3.6924827
313,Morgan Frost\frostmo01,3.6964686
725,Richard Panik\panikri01,3.6969256
1021,Travis Zajac\zajactr01,3.7026873
576,Ryan Lindgren\lindgry01,3.7162619
760,Rem Pitlick\pitlire01,3.7163804
853,Kiefer Sherwood\sherwki01,3.7187462
123,Connor Bunnaman\bunnaco01,3.7514052
633,Greg McKegg\mckeggr01,3.762694
772,Michael Raffl\rafflmi01,3.764201
995,Austin Watson\watsoau01,3.7681978
765,Nate Prosser\prossna01,3.774338
239,Justin Dowling\dowliju01,3.7752755
674,Philippe Myers\myersph01,3.7897666
140,Gabriel Carlsson\carlsga01,3.8074317
308,Mark Friedman\friedma01,3.8178113
839,Nate Schmidt\schmina01,3.8387856
420,Taro Hirose\hirosta01,3.8398964
172,Kale Clague\claguka01,3.8518562
792,Tobias Rieder\riedeto01,3.856219
700,Markus Nutivaara\nutivma01,3.8676147
371,David Gustafsson\gustada01,3.8860025
163,Sasha Chmelevski\chmelal01,3.8875322
834,Colton Sceviour\scevico01,3.8879924
584,Steven Lorentz\lorenst01,3.8923604
545,Juho Lammikko\lammiju01,3.935445
383,Jani Hakanpaa\hakanja01,3.9384043
173,Kyle Clifford\cliffky01,3.947378
536,Joel L'Esperance\lespejo01,3.949029
151,Jackson Cates\catesja01,3.95105
390,Fredrik Händemark\handefr01,3.953443
709,Jamie Oleksiak\oleksja01,3.9540994
817,Adam Ruzicka\ruzicad01,3.9770048
290,Haydn Fleury\fleurha01,3.978622
724,Richard Panik\panikri01,3.9943588
351,Ryan Graves\gravery01,4.0032444
233,Noah Dobson\dobsono01,4.034961
78,Clark Bishop\bishocl01,4.087225
791,Brad Richardson\richabr02,4.0872498
868,Jaccob Slavin\slavija01,4.105776
710,Mathieu Olivier\olivima01,4.1311455
867,Brady Skjei\skjeibr01,4.175511
785,Mike Reilly\reillmi01,4.1996045
575,Esa Lindell\lindees01,4.208632
306,Trent Frederic\fredetr01,4.222831
855,Devin Shore\shorede01,4.2324076
796,Rasmus Ristolainen\ristora01,4.254619
768,Ryan Pulock\pulocry01,4.257069
403,Barrett Hayton\haytoba01,4.2820725
394,Jansen Harkins\harkija01,4.3475876
102,Travis Boyd\boydtr01,4.3533463
556,Nick Leddy\leddyni01,4.3757505
94,Adam Boqvist\boqviad01,4.3805056
89,Anton Blidh\blidhan01,4.413157
335,Nathan Gerbe\gerbena01,4.415858
304,Cam Fowler\fowleca01,4.4244323
287,Christian Fischer\fischch01,4.428721
840,Justin Schultz\schulju01,4.4361544
616,Pat Maroon\maroopa01,4.4420853
113,Jonny Brodzinski\brodzjo01,4.4537015
797,Brett Ritchie\ritchbr01,4.4539046
597,Connor Mackey\mackeco01,4.4585357
7,Sebastian Aho\ahose02,4.46157
307,Mark Friedman\friedma01,4.463096
292,Steven Fogarty\fogarst01,4.48635
286,Valtteri Filppula\filppva01,4.503893
517,Peyton Krebs\krebspe01,4.5135336
827,Travis Sanheim\sanhetr01,4.522177
636,Connor McMichael\mcmicco01,4.523415
134,Drake Caggiula\caggidr01,4.5277696
191,Brett Connolly\connobr01,4.5455675
589,Eetu Luostarinen\luostee01,4.5607185
748,Brett Pesce\pescebr01,4.566433
860,Dylan Sikura\sikurdy01,4.566497
563,Brendan Lemieux\lemiebr01,4.581241
393,Mike Hardman\hardmmi01,4.5813723
571,Trevor Lewis\lewistr01,4.589243
59,Pierre-Edouard Bellemare\bellepi01,4.5979085
228,Nicolas Deslauriers\deslani01,4.5989485
783,Mike Reilly\reillmi01,4.5999475
129,Quinton Byfield\byfiequ01,4.644158
106,Erik Brannstrom\branner01,4.64954
336,Timothy Gettinger\gettiti01,4.655861
996,Shea Weber\webersh01,4.6742506
851,Riley Sheahan\sheahri01,4.6819234
989,Nathan Walker\walkena01,4.68814
968,Joseph Veleno\velenjo01,4.6926537
594,Mackenzie MacEachern\maceama01,4.7031217
774,Michael Raffl\rafflmi01,4.704359
266,Oliver Ekman-Larsson\ekmanol01,4.706183
443,Mark Jankowski\jankoma01,4.7142415
128,Will Butcher\butchwi01,4.7147408
846,Damon Severson\severda01,4.719146
268,Ryan Ellis\ellisry01,4.7384615
842,Tyler Seguin\seguity01,4.7772207
663,Brandon Montour\montobr01,4.817819
686,Alex Newhook\newhoal01,4.8231273
391,Noah Hanifin\hanifno01,4.8252587
298,Nolan Foote\footeno01,4.829232
408,Darren Helm\helmda01,4.8396373
457,Luke Johnson\johnslu01,4.8469133
972,Jimmy Vesey\veseyji02,4.8526893
971,Jimmy Vesey\veseyji02,4.8555756
50,Nathan Bastian\bastina01,4.857453
226,Grigori Denisenko\denisgr01,4.8696976
115,Adam Brooks\brookad01,4.886111
80,Anders Bjork\bjorkan01,4.8862915
469,Dakota Joshua\joshuda01,4.8945327
247,Pierre-Luc Dubois\duboipi01,4.903081
617,Matt Martin\martima02,4.908659
257,Ryan Dzingel\dzingry01,4.911041
229,Phillip Di Giuseppe\digiuph01,4.912535
180,Andrew Cogliano\coglian01,4.9140487
599,Josh Mahura\mahurjo01,4.9208894
33,David Backes\backeda01,4.942085
480,David Kampf\kampfda01,4.956171
530,Rasmus Kupari\kuparra01,4.960701
133,Drake Caggiula\caggidr01,4.9699903
761,Tyler Pitlick\pitlity01,4.974628
379,Nicolas Hague\hagueni01,4.9762692
668,Josh Morrissey\morrijo04,4.988894
502,Jujhar Khaira\khairju01,4.9979644
990,Sean Walker\walkese01,5.013528
32,Nicolas Aube-Kubel\aubekni01,5.029001
910,Marian Studenic\studema01,5.035222
192,Brett Connolly\connobr01,5.0354495
1012,Keith Yandle\yandlke01,5.039814
664,Brandon Montour\montobr01,5.039825
587,Matt Luff\luffma01,5.0452137
131,Paul Byron\byronpa01,5.05697
976,Jake Virtanen\virtaja01,5.0752373
20,Rasmus Andersson\anderra01,5.0886703
980,Alexander Volkov\volkoal01,5.089387
885,Jared Spurgeon\spurgja01,5.1018257
673,Jake Muzzin\muzzija01,5.1244235
271,Mackenzie Entwistle\entwima01,5.127688
446,Mattias Janmark\janmama02,5.13112
723,Richard Panik\panikri01,5.1531734
410,Aleksi Heponiemi\heponal01,5.1690307
618,Alec Martinez\martial01,5.2144256
250,Mathew Dumba\dumbama01,5.2370887
880,Victor Soderstrom\sodervi01,5.24577
876,Ty Smith\smithty01,5.2537613
979,Alexander Volkov\volkoal01,5.2630644
565,Brendan Lemieux\lemiebr01,5.267643
886,Eric Staal\staaler01,5.274781
620,Mike Matheson\mathemi01,5.275791
675,Tyler Myers\myersty01,5.29321
581,Blake Lizotte\lizotbl01,5.296543
243,Jamie Drysdale\drysdja01,5.2991867
939,Joe Thornton\thornjo01,5.3006415
985,Austin Wagner\wagneau01,5.3229165
479,Wyatt Kalynuk\kalynwy01,5.3473334
914,P.K. Subban\subbapk01,5.377046
186,Blake Comeau\comeabl01,5.3892827
154,Erik Cernak\cernaer01,5.416702
874,Givani Smith\smithgi01,5.4505186
520,Torey Krug\krugto01,5.4701214
662,Brandon Montour\montobr01,5.471608
915,Oskar Sundqvist\sundqos01,5.495684
779,Jack Rathbone\rathbja01,5.4993625
25,Josh Archibald\archijo01,5.5175996
516,Vitali Kravtsov\kravtvi01,5.530052
496,Joel Kellman\kellmjo01,5.5394173
430,Filip Hronek\hronefi01,5.5479803
210,Zac Dalpe\dalpeza01,5.5645313
1,Noel Acciari\acciano01,5.6193504
112,Jonas Brodin\brodijo01,5.619539
343,Luke Glendening\glendlu01,5.620834
132,Nicholas Caamano\caamani01,5.625382
19,Lias Andersson\anderli01,5.65312
758,Neal Pionk\pionkne01,5.655093
566,John Leonard\leonajo01,5.6679397
135,Drake Caggiula\caggidr01,5.6936707
500,Tanner Kero\kerota01,5.6996236
887,Eric Staal\staaler01,5.710673
712,Dmitry Orlov\orlovdm01,5.720356
337,Ryan Getzlaf\getzlry01,5.742552
275,Jake Evans\evansja02,5.74587
22,Anthony Angello\angelan01,5.74665
460,Andreas Johnsson\johnsan01,5.762819
302,Gustav Forsling\forslgu02,5.7814164
202,Lawson Crouse\crousla01,5.800666
350,Tyler Graovac\graovty01,5.826522
737,Nolan Patrick\patrino01,5.8291225
303,Liam Foudy\foudyli01,5.8299737
625,Charlie McAvoy\mcavoch01,5.8342686
1026,Radim Zohorna\zohorra01,5.8344264
468,Pierre-Olivier Joseph\joseppi01,5.8707275
370,Nikita Gusev\gusevni01,5.8768682
510,Keegan Kolesar\koleske01,5.891845
327,Adam Gaudette\gaudead01,5.8934627
953,Yakov Trenin\treniya01,5.908654
252,Vince Dunn\dunnvi02,5.9186106
554,Curtis Lazar\lazarcu01,5.937088
619,Jordan Martinook\martijo01,5.94105
898,Derek Stepan\stepade01,5.9444933
747,Corey Perry\perryco01,5.948949
321,Dylan Gambrell\gambrdy01,5.9491997
369,Nikita Gusev\gusevni01,5.9537125
863,Wayne Simmonds\simmowa01,5.9855514
195,Nick Cousins\cousini01,6.000515
265,Mattias Ekholm\ekholma01,6.0028768
486,Erik Karlsson\karlser01,6.014682
812,Arttu Ruotsalainen\ruotsar01,6.0159855
360,Matt Grzelcyk\grzelma01,6.0254006
339,Mark Giordano\giordma01,6.0264273
845,Mikhail Sergachev\sergami01,6.053491
103,Travis Boyd\boydtr01,6.0557346
398,Garnet Hathaway\hathaga01,6.110528
282,Jesper Fast\fastje01,6.1484356
237,Drew Doughty\doughdr01,6.150144
415,Matthew Highmore\highmma01,6.1877556
126,Brent Burns\burnsbr01,6.2053165
60,Kieffer Bellows\belloki01,6.223725
766,Ivan Provorov\provoiv01,6.2268043
40,Alexander Barabanov\barabal01,6.2853146
340,Samuel Girard\girarsa01,6.2879148
522,Karson Kuhlman\kuhlmka01,6.304207
555,Curtis Lazar\lazarcu01,6.3049755
283,Justin Faulk\faulkju01,6.3325896
331,Julien Gauthier\gauthju01,6.3345594
349,Derek Grant\grantde01,6.351358
42,Alexander Barabanov\barabal01,6.3761353
911,Jack Studnicka\studnja01,6.385495
436,Dryden Hunt\huntdr01,6.392251
877,Carl Soderberg\soderca01,6.3967276
531,Sean Kuraly\kuralse01,6.4063764
745,Mathieu Perreault\perrema01,6.4511256
256,Ryan Dzingel\dzingry01,6.472299
742,Lane Pederson\pederla01,6.4723473
690,Matthew Nieto\nietoma01,6.486817
223,Ty Dellandrea\dellaty01,6.5022135
377,Carl Hagelin\hagelca01,6.5225525
465,Seth Jones\jonesse01,6.5265374
82,Anders Bjork\bjorkan01,6.5773025
850,Andrew Shaw\shawan01,6.582726
778,Michael Rasmussen\rasmumi01,6.6013293
978,Alexander Volkov\volkoal01,6.602914
334,Morgan Geekie\geekimo01,6.621559
793,Morgan Rielly\riellmo01,6.625628
754,Alex Pietrangelo\pietral01,6.642885
326,Adam Gaudette\gaudead01,6.658512
147,William Carrier\carriwi01,6.6595635
87,Sammy Blais\blaissa01,6.6678305
721,Kyle Palmieri\palmiky01,6.670892
359,Carl Grundstrom\grundca01,6.7042637
168,Casey Cizikas\cizikca01,6.7395053
230,Jason Dickinson\dickija01,6.7703457
805,Kevin Rooney\rooneke01,6.816149
325,Adam Gaudette\gaudead01,6.8232102
878,Carl Soderberg\soderca01,6.8290358
356,Mikhail Grigorenko\grigomi01,6.8628106
278,Radek Faksa\faksara01,6.8762813
612,Mason Marchment\marchma01,6.8938885
434,Quinn Hughes\hughequ01,6.899031
669,Tyler Motte\mottety01,6.9304233
255,Ryan Dzingel\dzingry01,6.9355984
345,Barclay Goodrow\goodrba01,6.9620996
998,MacKenzie Weegar\weegama01,6.9692326
550,Johan Larsson\larssjo02,6.9798393
708,Kyle Okposo\okposky01,6.9824705
208,Rasmus Dahlin\dahlira01,6.9847217
818,Bobby Ryan\ryanbo01,7.059427
1019,Travis Zajac\zajactr01,7.067544
386,Taylor Hall\hallta02,7.07293
355,Noah Gregor\gregono01,7.0869174
23,Artem Anisimov\anisiar01,7.095416
562,Josh Leivo\leivojo01,7.1044073
198,Charlie Coyle\coylech01,7.1049566
920,Brandon Sutter\suttebr03,7.106268
506,John Klingberg\klingjo01,7.108045
865,Colton Sissons\sissoco01,7.127285
553,Curtis Lazar\lazarcu01,7.1533775
1001,Zach Werenski\werenza01,7.1730685
810,Nicolas Roy\royni01,7.1921997
69,Sam Bennett\bennesa01,7.2483206
588,Isac Lundestrom\lundeis01,7.2534018
270,Tyler Ennis\ennisty01,7.25509
935,Robert Thomas\thomaro01,7.27374
678,James Neal\nealja01,7.285999
405,Danton Heinen\heineda01,7.288027
346,Shayne Gostisbehere\gostish01,7.314986
45,Alex Barre-Boulet\barreal01,7.3175077
305,Adam Fox\foxad01,7.3340583
238,Nic Dowd\dowdni01,7.346524
295,Nick Foligno\foligni01,7.3580046
949,Devon Toews\toewsde01,7.3820186
895,Sam Steel\steelsa01,7.4066024
924,Brandon Tanev\tanevbr01,7.417351
95,Jesper Boqvist\boqvije01,7.476117
505,Joel Kiviranta\kivirjo01,7.500672
43,Ivan Barbashev\barbaiv01,7.536385
940,Chris Tierney\tiernch01,7.5374503
63,Emil Bemstrom\bemstem01,7.5465007
1011,Kailer Yamamoto\yamamka01,7.577839
923,Evgeny Svechnikov\svechev01,7.6251135
107,Derick Brassard\brassde01,7.6297226
294,Nick Foligno\foligni01,7.6481524
676,Vladislav Namestnikov\namesvl01,7.716074
861,Jakob Silfverberg\silfvja01,7.717876
1020,Travis Zajac\zajactr01,7.7348676
145,Sam Carrick\carrisa01,7.7611537
641,Nicholas Merkley\merklni01,7.77694
574,Oskar Lindblom\lindbos01,7.781723
932,Alexandre Texier\texieal01,7.8294525
897,Kevin Stenlund\stenlke01,7.837428
100,Evan Bouchard\bouchev01,7.840156
155,Thomas Chabot\chaboth01,7.883286
586,Milan Lucic\lucicmi01,7.9735713
407,Miro Heiskanen\heiskmi01,8.008602
826,Zach Sanford\sanfoza01,8.019422
39,Rudolfs Balcers\balceru01,8.022603
269,Pierre Engvall\engvapi01,8.030093
470,Roman Josi\josiro01,8.033393
199,Dylan Cozens\cozendy01,8.055756
18,Jaret Anderson-Dolan\anderja01,8.059127
161,Alex Chiasson\chiasal01,8.078817
404,Victor Hedman\hedmavi01,8.099511
568,Kris Letang\letankr01,8.180273
558,Artturi Lehkonen\lehkoar01,8.20581
416,Vinnie Hinostroza\hinosvi01,8.211164
464,Max Jones\jonesma03,8.236939
248,Matt Duchene\duchema01,8.265861
459,Tyler Johnson\johnsty01,8.266767
866,Jeff Skinner\skinnje01,8.285084
207,Evgenii Dadonov\dadonev01,8.30344
9,Wade Allison\alliswa01,8.314828
453,Ryan Johansen\johanry01,8.32567
242,Jonathan Drouin\drouijo01,8.338361
368,Nikita Gusev\gusevni01,8.348284
211,Phillip Danault\danauph01,8.349382
300,Alex Formenton\formeal01,8.361347
499,Alexander Kerfoot\kerfoal01,8.363712
93,Nick Bonino\boninni01,8.387333
705,Logan O'Connor\oconnlo01,8.393485
267,Lars Eller\ellerla01,8.395725
451,Boone Jenner\jennebo01,8.444752
1029,Jason Zucker\zuckeja01,8.468623
76,Tyler Bertuzzi\bertuty01,8.478409
29,Zach Aston-Reese\astonza01,8.573311
105,Tyler Bozak\bozakty01,8.621403
532,Philipp Kurashev\kurasph01,8.629394
454,Marcus Johansson\johanma03,8.644061
397,Ryan Hartman\hartmry01,8.657056
931,Troy Terry\terrytr01,8.680794
449,Tanner Jeannot\jeannta01,8.685994
757,Shane Pinto\pintosh01,8.777089
802,Eric Robinson\robiner01,8.842168
317,Alex Galchenyuk\galchal01,8.873695
604,Mikhail Maltsev\maltsmi01,8.875958
515,Jesperi Kotkaniemi\kotkaje01,8.93686
28,Rasmus Asplund\asplura01,8.96115
529,Janne Kuokkanen\kuokkja01,9.01676
187,J.T. Compher\comphj.01,9.0205345
139,John Carlson\carlsjo01,9.041466
750,Jeff Petry\petryje01,9.2033825
912,Nico Sturm\sturmni01,9.222874
632,Brock McGinn\mcginbr01,9.251674
551,Scott Laughton\laughsc01,9.252407
634,Michael McLeod\mcleomi01,9.264608
926,Vladimir Tarasenko\tarasvl01,9.278989
471,Tyson Jost\jostty01,9.296964
357,Rocco Grimaldi\grimaro01,9.301226
738,Nick Paul\paulni01,9.303291
777,Victor Rask\raskvi01,9.394262
26,Joel Armia\armiajo01,9.418071
316,Sam Gagner\gagnesa01,9.444802
235,Ryan Donato\donatry01,9.520365
46,Tyson Barrie\barrity01,9.530044
328,Frederick Gaudreau\gaudrfr01,9.53982
740,Tanner Pearson\pearsta01,9.618998
206,Kirby Dach\dachki01,9.639144
152,Cole Caufield\caufico01,9.656304
342,Cody Glass\glassco01,9.702668
318,Alex Galchenyuk\galchal01,9.715676
697,Tomas Nosek\nosekto01,9.759095
666,Trevor Moore\mooretr01,9.759112
444,Mattias Janmark\janmama02,9.769859
399,Erik Haula\haulaer01,9.859977
124,Michael Bunting\buntimi01,9.875032
167,Anthony Cirelli\cirelan01,9.90308
246,Pierre-Luc Dubois\duboipi01,9.939687
908,Dylan Strome\stromdy01,9.952339
417,Vinnie Hinostroza\hinosvi01,9.954031
893,Paul Stastny\stastpa01,9.99295
699,Darnell Nurse\nurseda01,9.999863
476,Dominik Kahun\kahundo01,10.002909
841,Jaden Schwartz\schwaja01,10.02555
353,Jordan Greenway\greenjo02,10.071329
85,Nick Bjugstad\bjugsni01,10.076505
149,Jeff Carter\carteje01,10.125029
409,Adam Henrique\henriad01,10.125485
927,Tomas Tatar\tatarto01,10.143949
1003,Colin White\whiteco02,10.155293
1016,Filip Zadina\zadinfi01,10.2294445
852,Conor Sheary\shearco01,10.230489
467,Mathieu Joseph\josepma01,10.259691
477,Kaapo Kakko\kakkoka01,10.2839
445,Mattias Janmark\janmama02,10.304294
883,Jason Spezza\spezzja01,10.334521
245,Pierre-Luc Dubois\duboipi01,10.373646
263,Jack Eichel\eicheja01,10.429187
291,Warren Foegele\foegewa01,10.429555
770,Alexander Radulov\radulal01,10.488622
585,Adam Lowry\lowryad01,10.568831
274,Adam Erne\ernead01,10.571744
166,Filip Chytil\chytifi01,10.618004
86,Colin Blackwell\blackco01,10.655939
609,Anthony Mantha\manthan01,10.67778
376,Brandon Hagel\hagelbr01,10.760145
937,Tage Thompson\thompta01,10.787473
528,Luke Kunin\kuninlu01,10.808184
90,Teddy Blueger\bluegte01,10.812736
803,Evan Rodrigues\rodriev01,10.8130665
293,Marcus Foligno\foligma01,10.823867
264,Aaron Ekblad\ekblaaa01,10.829485
220,Jake DeBrusk\debruja01,10.838774
348,Mikael Granlund\granlmi01,10.870301
234,Max Domi\domima01,10.93817
37,Josh Bailey\bailejo01,10.939239
421,Nico Hischier\hischni01,10.947834
933,Shea Theodore\theodsh01,10.962208
543,Patrik Laine\lainepa01,10.986852
388,Dougie Hamilton\hamildo01,11.00118
975,Gabriel Vilardi\vilarga01,11.015687
608,Anthony Mantha\manthan01,11.037242
441,Alex Iafallo\iafalal01,11.065651
185,Ross Colton\coltoro01,11.245593
730,Zach Parise\parisza01,11.321054
717,Jean-Gabriel Pageau\pageaje01,11.344558
602,Evgeni Malkin\malkiev01,11.3621435
519,David Krejci\krejcda01,11.4488535
540,Alexis Lafreniere\lafreal01,11.463786
661,Sean Monahan\monahse01,11.497641
951,Eeli Tolvanen\tolvaee01,11.589046
24,Mason Appleton\applema01,11.60546
244,Dillon Dube\dubedi01,11.637047
775,Rickard Rakell\rakelri01,11.644245
660,Casey Mittelstadt\mitteca01,11.706947
30,Andreas Athanasiou\athanan01,11.718438
150,Jeff Carter\carteje01,11.729381
537,Kevin Labanc\labanke01,11.819963
1024,Trevor Zegras\zegratr01,11.848152
601,Cale Makar\makarca01,11.930959
838,Nick Schmaltz\schmani01,11.9509325
981,Jakub Voracek\voracja01,12.00118
822,Brandon Saad\saadbr01,12.003912
542,Patrik Laine\lainepa01,12.03726
34,Mikael Backlund\backlmi01,12.040765
64,Jamie Benn\bennja01,12.041227
719,Kyle Palmieri\palmiky01,12.045672
687,Valeri Nichushkin\nichuva01,12.137452
513,Anze Kopitar\kopitan01,12.143839
984,Jakub Vrana\vranaja01,12.15636
547,Dylan Larkin\larkidy01,12.299218
946,Owen Tippett\tippeow01,12.4032755
987,Oliver Wahlstrom\wahlsol01,12.583156
148,Jeff Carter\carteje01,12.596849
798,Nick Ritchie\ritchni01,12.667679
402,Kevin Hayes\hayeske01,12.676645
68,Sam Bennett\bennesa01,12.699096
184,Blake Coleman\colembl01,12.770528
498,Adrian Kempe\kempead01,12.773648
385,Taylor Hall\hallta02,12.78662
918,Pius Suter\suterpi01,12.80987
767,Jesse Puljujarvi\puljuje01,12.819468
652,Ilya Mikheyev\mikheil01,12.871249
512,Travis Konecny\konectr01,12.901062
533,Evgeny Kuznetsov\kuzneev01,12.9136715
196,Logan Couture\coutulo01,12.935482
367,Denis Gurianov\guriade01,12.9658375
806,Jack Roslovic\rosloja01,12.983812
1002,Blake Wheeler\wheelbl01,12.989519
1000,Alexander Wennberg\wennbal01,13.025763
1028,Mats Zuccarello\zuccama01,13.034521
718,Ondrej Palat\palaton01,13.091074
35,Nicklas Backstrom\backsni02,13.1104555
504,Alex Killorn\killoal01,13.140223
1006,Tom Wilson\wilsoto01,13.206304
720,Kyle Palmieri\palmiky01,13.227114
884,Daniel Sprong\spronda01,13.360961
276,Robby Fabbri\fabbrro01,13.38795
605,Andrew Mangiapane\mangian01,13.476945
913,Tim Stützle\stuetti02,13.595582
341,Claude Giroux\giroucl01,13.63051
108,Jesper Bratt\brattje01,13.6559725
607,Anthony Mantha\manthan01,13.663282
639,Timo Meier\meierti01,13.685192
424,Nils Hoglander\hoglani01,13.689812
487,William Karlsson\karlswi01,13.694239
475,Nazem Kadri\kadrina01,13.745379
1010,Miles Wood\woodmi01,13.794013
875,Reilly Smith\smithre01,13.85411
501,Phil Kessel\kesseph01,13.861838
484,Kasperi Kapanen\kapanka01,13.882229
900,Chandler Stephenson\stephch02,13.887406
711,Victor Olofsson\olofsvi01,13.894142
751,Elias Pettersson\petteel01,13.904066
165,Jakob Chychrun\chychja01,13.905061
535,Jordan Kyrou\kyroujo01,14.024197
188,Max Comtois\comtoma01,14.038464
259,Jordan Eberle\eberljo01,14.146158
254,Christian Dvorak\dvorach01,14.182885
836,Brayden Schenn\schenbr01,14.232249
889,Jordan Staal\staaljo01,14.235915
930,Teuvo Teravainen\teravte01,14.313033
347,Yanni Gourde\gourdya01,14.320877
680,Brock Nelson\nelsobr01,14.327463
447,Calle Jarnkrok\jarnkca01,14.370648
16,Josh Anderson\anderjo05,14.392827
848,Yegor Sharangovich\sharaye01,14.395619
656,J.T. Miller\millejt01,14.396168
117,Dustin Brown\browndu01,14.411672
51,Drake Batherson\bathedr01,14.564071
324,Conor Garland\garlaco01,14.585555
495,Clayton Keller\kellecl01,14.610487
194,Andrew Copp\coppan01,14.615983
433,Jack Hughes\hugheja03,14.732416
427,Patric Hornqvist\hornqpa01,14.846708
518,Chris Kreider\kreidch01,14.955761
27,Viktor Arvidsson\arvidvi01,15.04486
236,Joonas Donskoi\donskjo01,15.074832
688,Nino Niederreiter\niedeni01,15.178073
696,Joshua Norris\norrijo01,15.179089
698,Ryan Nugent-Hopkins\nugenry01,15.215053
521,Dominik Kubalík\kubaldo01,15.278326
273,Joel Eriksson Ek\eriksjo02,15.294143
983,Jakub Vrana\vranaja01,15.405178
957,Alex Tuch\tuchal01,15.658749
249,Anthony Duclair\duclaan01,15.679757
387,Taylor Hall\hallta02,15.746293
411,Tomas Hertl\hertlto01,15.766161
1015,Pavel Zacha\zachapa01,15.822046
70,Sam Bennett\bennesa01,15.860292
419,Roope Hintz\hintzro01,15.87578
197,Sean Couturier\coutuse01,15.905867
891,Steven Stamkos\stamkst01,15.96318
921,Nick Suzuki\suzukni01,16.02285
713,T.J. Oshie\oshietj01,16.024143
954,Vincent Trocheck\trochvi01,16.178837
909,Ryan Strome\stromry01,16.1965
557,Anders Lee\leean01,16.414717
58,Anthony Beauvillier\beauvan01,16.576742
428,Bo Horvat\horvabo01,16.577505
83,Oliver Bjorkstrand\bjorkol01,16.582851
301,Filip Forsberg\forsbfi01,16.593174
967,Frank Vatrano\vatrafr01,16.64794
440,Zach Hyman\hymanza01,16.773865
962,James van Riemsdyk\vanrija01,16.780344
320,Brendan Gallagher\gallabr01,16.848894
125,Andre Burakovsky\burakan01,16.936632
49,Mathew Barzal\barzama01,16.94769
922,Andrei Svechnikov\svechan01,17.090961
746,David Perron\perroda01,17.339832
577,Elias Lindholm\lindhel01,17.412954
31,Cam Atkinson\atkinca01,17.445364
122,Pavel Buchnevich\buchnpa01,17.456333
948,Matthew Tkachuk\tkachma01,17.51452
279,Joel Farabee\farabjo01,17.53756
329,Johnny Gaudreau\gaudrjo01,17.544123
627,Jared McCann\mccanja01,17.608885
872,Craig Smith\smithcr01,17.656887
739,Joe Pavelski\paveljo01,17.68029
423,Mike Hoffman\hoffmmi02,18.026846
982,Jakub Vrana\vranaja01,18.027477
928,John Tavares\tavarjo01,18.126923
116,Connor Brown\brownco02,18.130196
431,Jonathan Huberdeau\huberjo01,18.21621
835,Mark Scheifele\scheima01,18.668375
706,Ryan O'Reilly\oreilry01,18.76133
969,Carter Verhaeghe\verhaca01,18.90157
799,Jason Robertson\roberja01,19.02434
763,Brayden Point\pointbr01,19.030844
786,Sam Reinhart\reinhsa01,19.090868
702,William Nylander\nylanwi01,19.335121
91,Brock Boeser\boesebr01,19.353342
815,Bryan Rust\rustbr01,19.437668
722,Artemi Panarin\panarar01,19.568035
201,Sidney Crosby\crosbsi01,19.58784
285,Kevin Fiala\fialake01,19.95788
679,Martin Necas\necasma01,20.042091
546,Gabriel Landeskog\landega01,20.127018
365,Jake Guentzel\guentja01,20.181795
715,Alex Ovechkin\ovechal01,20.266258
611,Jonathan Marchessault\audymjo01,20.750511
73,Patrice Bergeron\bergepa01,20.864048
482,Evander Kane\kaneev01,21.25764
947,Brady Tkachuk\tkachbr01,21.314575
483,Patrick Kane\kanepa01,21.409716
485,Kirill Kaprizov\kapriki01,21.432413
950,Tyler Toffoli\toffoty01,21.705215
904,Mark Stone\stonema01,22.099964
1025,Mika Zibanejad\zibanmi01,22.182575
732,David Pastrnak\pastrda01,22.31012
44,Aleksander Barkov\barkoal01,22.495577
193,Kyle Connor\connoky01,23.10157
6,Sebastian Aho\ahose01,23.151339
219,Alex DeBrincat\debrial01,24.072374
615,Mitch Marner\marnemi01,24.14848
716,Max Pacioretty\pacioma01,25.20683
262,Nikolaj Ehlers\ehlerni01,25.611605
598,Nathan MacKinnon\mackina01,26.326952
610,Brad Marchand\marchbr03,28.131302
240,Leon Draisaitl\draisle01,28.356932
776,Mikko Rantanen\rantami01,29.246065
622,Auston Matthews\matthau01,30.823792
630,Connor McDavid\mcdavco01,32.212967
