,Player,GW2022
177,Braydon Coburn\coburbr01,0.02857411
176,Braydon Coburn\coburbr01,0.03860669
816,Jan Rutta\ruttaja02,0.067133784
703,Liam O'Brien\obrieli01,0.10162761
314,Kurtis Gabriel\gabriku01,0.11005925
384,Micheal Haley\haleymi01,0.11279075
77,Alex Biega\biegaal01,0.12257077
366,Carl Gunnarsson\gunnaca01,0.12895115
178,Braydon Coburn\coburbr01,0.13129935
461,Ross Johnston\johnsro02,0.13449681
997,Yannick Weber\weberya01,0.13521188
781,Ryan Reaves\reavery01,0.13725774
795,Zac Rinaldo\rinalza01,0.13759078
200,Joseph Cramarossa\cramajo01,0.13855635
296,Nick Foligno\foligni01,0.13900775
48,Matt Bartkowski\bartkma01,0.14526662
765,Nate Prosser\prossna01,0.14789176
171,Fredrik Claesson\claesfr01,0.15075757
788,Dan Renouf\renouda01,0.15154967
832,Luca Sbisa\sbisalu01,0.1516882
396,Scott Harrington\harrisc01,0.1518242
735,Greg Pateryn\patergr01,0.15183279
205,Kevin Czuczman\czuczke01,0.15231729
143,Daniel Carr\carrda01,0.15448642
456,Jack Johnson\johnsja02,0.15451342
67,Jordie Benn\bennjo01,0.15472332
183,Ian Cole\coleia01,0.15495989
856,Drew Shore\shoredr01,0.15500845
455,Erik Johnson\johnser01,0.15530112
823,Scott Sabourin\sabousc01,0.15767725
684,Aaron Ness\nessaa01,0.15797013
736,Greg Pateryn\patergr01,0.15824506
364,Erik Gudbranson\gudbrer01,0.15824544
808,Carter Rowney\rowneca01,0.15893905
759,Brandon Pirri\pirribr01,0.15908337
169,Fredrik Claesson\claesfr01,0.16041437
189,Kevin Connauton\connake01,0.16207528
412,Thomas Hickey\hicketh01,0.16360736
11,Mark Alt\altma01,0.16402161
3,Kenny Agostino\agostke01,0.16645916
733,Greg Pateryn\patergr01,0.1665818
988,Daniel Walcott\walcoda01,0.16726954
879,Carl Soderberg\soderca01,0.16781974
665,John Moore\moorejo01,0.16815111
807,Antoine Roussel\roussan01,0.1683482
811,Chad Ruhwedel\ruhwech01,0.16865952
310,Martin Frk\frkma01,0.1687333
212,Brandon Davidson\davidbr01,0.16961738
801,Buddy Robinson\robinbu01,0.16971925
741,Matthew Peca\pecama01,0.1703783
527,Dmitry Kulikov\kulikdm01,0.1705825
272,Loui Eriksson\erikslo01,0.17115927
241,Sheldon Dries\driessh01,0.17139524
820,Joakim Ryan\ryanjo02,0.17149183
98,Mark Borowiecki\borowma01,0.1717729
694,Stefan Noesen\noesest01,0.17343482
780,Kyle Rau\rauky01,0.17365952
794,Juuso Riikola\riikoju01,0.17429915
170,Fredrik Claesson\claesfr01,0.17455697
561,Mikko Lehtonen\lehtomi03,0.1749824
473,Tomas Jurco\jurcoto01,0.1750465
734,Greg Pateryn\patergr01,0.17553955
127,Kyle Burroughs\burroky01,0.17647791
952,Dominic Toninato\tonindo01,0.17813274
714,Xavier Ouellet\ouellxa01,0.17855982
642,Dakota Mermis\mermida01,0.17891695
338,Dennis Gilbert\gilbede01,0.17923227
97,Andreas Borgman\borgman01,0.17934996
217,Jean-Sebastien Dea\deaje01,0.17935044
21,Andy Andreoff\andrean01,0.17946927
762,Austin Poganski\poganau01,0.17976993
4,Andrew Agozzino\agozzan01,0.18007028
439,Ben Hutton\huttobe01,0.18052408
309,Mark Friedman\friedma01,0.18060909
870,C.J. Smith\smithcj01,0.18123466
650,Jacob Middleton\middlja01,0.18161486
136,Matt Calvert\calvema01,0.18162477
945,Jarred Tinordi\tinorja01,0.18163314
692,Stefan Noesen\noesest01,0.18180287
624,Gerald Mayhew\mayhege01,0.18221726
118,Josh Brown\brownjo01,0.18313512
693,Stefan Noesen\noesest01,0.18350008
374,Erik Gustafsson\gustaer02,0.18379565
41,Alexander Barabanov\barabal01,0.18394557
854,Kole Sherwood\sherwko01,0.18400437
864,Dominik Simon\simondo01,0.18538496
749,Nic Petan\petanni01,0.186292
425,Nick Holden\holdeni01,0.18683878
448,Christian Jaros\jarosch01,0.18736705
873,Gemel Smith\smithge02,0.18739852
418,Vinnie Hinostroza\hinosvi01,0.18975323
847,Michael Sgarbossa\sgarbmi01,0.19009504
570,Tyler Lewington\lewinty01,0.19096974
101,Madison Bowey\boweyma01,0.19107321
354,A.J. Greer\greeraj01,0.19185697
322,Jake Gardiner\gardija01,0.19194368
10,Olle Alsing\alsinol01,0.19216111
281,Hudson Fasching\faschhu01,0.19302845
691,Sami Niku\nikusa01,0.19312862
771,Brogan Rafferty\raffebr01,0.19355649
814,Patrick Russell\russepa01,0.19438696
312,Michael Frolik\frolimi01,0.1946986
936,Nate Thompson\thompna01,0.19493409
458,Reese Johnson\johnsre01,0.19500571
203,Josh Currie\currijo01,0.19501528
628,Michael McCarron\mccarmi01,0.19619706
392,Joel Hanley\hanlejo01,0.19804186
966,Sami Vatanen\vatansa01,0.19809529
358,Jordan Gross\grossjo01,0.19933844
511,Leo Komarov\komarle01,0.20023653
743,Andrew Peeke\peekean01,0.20026839
787,Sheldon Rempal\rempash01,0.20183678
600,Philippe Maillet\maillph01,0.20277195
38,Justin Bailey\baileju01,0.20382927
156,Michael Chaput\chapumi01,0.20400186
903,Riley Stillman\stillri01,0.20428985
1009,Christian Wolanin\wolanch01,0.20502636
489,Ondrej Kase\kaseon01,0.20604603
871,Cole Smith\smithco02,0.20611054
647,Victor Mete\metevi01,0.20645887
72,Simon Benoit\benoisi01,0.20702213
859,Jonas Siegenthaler\siegejo01,0.20724764
204,Austin Czarnik\czarnau01,0.2073448
689,Frans Nielsen\nielsfr01,0.2077623
96,William Borgen\borgewi01,0.20892426
929,Matt Tennyson\tennyma01,0.20954034
941,Dmytro Timashov\timasdm01,0.21062258
541,William Lagesson\lageswi01,0.21151635
638,Jayson Megna\megnaja01,0.21234521
970,Kristian Vesalainen\vesalkr01,0.21287385
224,Dylan DeMelo\demeldy01,0.21297881
71,Matt Benning\bennima01,0.21512008
144,Connor Carrick\carrico01,0.21521124
315,Jonah Gadjovich\gadjojo01,0.21522716
474,Noah Juulsen\juulsno01,0.21593267
934,Ben Thomas\thomabe01,0.21675149
731,Brinson Pasichnuk\pasicbr01,0.21739456
844,Zachary Senyshyn\senysza01,0.21793687
92,Zach Bogosian\bogosza01,0.2179758
395,Ben Harpur\harpube01,0.21811482
907,Austin Strand\stranau01,0.2183041
493,Brady Keeper\keepebr01,0.21835741
488,David Kase\kaseda01,0.21875131
944,Jarred Tinordi\tinorja01,0.21875426
61,Louis Belpedio\belpelo01,0.2194641
141,Lucas Carlsson\carlslu01,0.21955237
580,Gustav Lindstrom\lindsgu01,0.21957392
645,Jonathon Merrill\merrijo01,0.21975805
858,Jonas Siegenthaler\siegejo01,0.22031659
640,Nicolas Meloche\melocni01,0.22087818
649,Marc Michaelis\michama01,0.223064
573,Kole Lind\lindko01,0.2234917
654,Sonny Milano\milanso01,0.22417986
974,Jeffrey Viel\vielje01,0.22418705
534,Oliver Kylington\kylinol01,0.22436666
959,Carsen Twarynski\twaryca01,0.22578996
831,David Savard\savarda01,0.22754061
999,Andy Welinski\welinan01,0.2295433
218,Anthony DeAngelo\deangan01,0.2306793
560,Mikko Lehtonen\lehtomi03,0.23172918
8,Frederic Allard\allarfr01,0.23282224
330,Frederik Gauthier\gauthfr01,0.23405099
828,Steven Santini\santist01,0.23575142
651,Keaton Middleton\middlke01,0.23631126
110,Guillaume Brisebois\brisegu01,0.23745555
79,Anthony Bitetto\bitetan01,0.2374607
435,Brad Hunt\huntbr01,0.23761827
658,Kevan Miller\milleke03,0.23816043
213,Jeremy Davies\davieje01,0.23873731
137,Kyle Capobianco\capobky01,0.23908865
579,Par Lindholm\lindhpa01,0.23969054
216,Chase De Leo\deleoch01,0.2397334
567,Otto Leskinen\leskiot01,0.23987827
503,Matt Kiersted\kiersma01,0.24121979
120,Patrick Brown\brownpa02,0.24191874
559,Mikko Lehtonen\lehtomi03,0.24232444
491,Martin Kaut\kautma01,0.24233687
916,Antti Suomela\suomean01,0.24277517
1007,Christian Wolanin\wolanch01,0.2433052
5,Jack Ahcan\ahcanja01,0.24413851
853,Kiefer Sherwood\sherwki01,0.24573591
1004,Colton White\whiteco03,0.24590054
1008,Christian Wolanin\wolanch01,0.24680269
414,Matthew Highmore\highmma01,0.24773091
569,Vinni Lettieri\lettivi01,0.24816981
74,Lean Bergmann\bergmle01,0.24963179
991,Lucas Wallmark\wallmlu01,0.24972653
382,Jani Hakanpaa\hakanja01,0.25037593
162,Filip Chlapik\chlapfi01,0.25194392
683,Patrik Nemeth\nemetpa01,0.2519916
943,Jarred Tinordi\tinorja01,0.25271943
508,Slater Koekkoek\koekksl01,0.25295675
62,Alex Belzile\belzial01,0.25507364
15,Joey Anderson\anderjo08,0.25710166
0,Vitaly Abramov\abramvi01,0.25775543
490,Zack Kassian\kassiza01,0.2579556
36,Kevin Bahl\bahlke01,0.25797623
725,Richard Panik\panikri01,0.2588391
671,Brett Murray\murrabr02,0.25925234
582,William Lockwood\lockwwi01,0.25925595
121,Jacob Bryson\brysoja01,0.25995377
896,Oskar Steen\steenos01,0.26081097
993,Lucas Wallmark\wallmlu01,0.2608875
603,Sean Malone\malonse01,0.2614147
606,Josh Manson\mansojo01,0.26249883
119,Logan Brown\brownlo01,0.2634121
963,Trevor van Riemsdyk\vanritr01,0.26380438
442,Matt Irwin\irwinma01,0.26388848
514,Klim Kostin\kostikl01,0.263912
481,Steven Kampfer\kampfst01,0.2641814
942,Conor Timmins\timmico01,0.26419437
626,Jake McCabe\mccabja01,0.26461276
938,Tyce Thompson\thompty01,0.26463816
253,Josh Dunne\dunnejo01,0.26533955
857,Jonas Siegenthaler\siegejo01,0.26545346
215,Jacob de La Rose\delarja01,0.26551825
621,Stefan Matteau\mattest02,0.2666305
789,Tarmo Reunanen\reunata01,0.26856306
813,Kris Russell\russekr01,0.26879853
66,Jordie Benn\bennjo01,0.26888958
755,Garrett Pilon\pilonga01,0.26907265
335,Nathan Gerbe\gerbena01,0.26927027
57,Nathan Beaulieu\beaulna01,0.27003172
821,Drake Rymsha\rymshdr01,0.27093607
701,Joakim Nygard\nygarjo01,0.27377686
422,Niklas Hjalmarsson\hjalmni01,0.2751384
89,Anton Blidh\blidhan01,0.2751722
209,Michael Dal Colle\dalcomi01,0.2764879
992,Lucas Wallmark\wallmlu01,0.27726448
164,Dennis Cholowski\cholode01,0.2785134
917,Maksim Sushko\sushkma01,0.27892226
181,Ian Cole\coleia01,0.28010365
182,Ian Cole\coleia01,0.28059724
572,Timothy Liljegren\liljeti01,0.28170958
960,Urho Vaakanainen\vaakaur01,0.2818555
159,Ivan Chekhovich\chekhiv01,0.28269494
99,Robert Bortuzzo\borturo01,0.28305256
819,Derek Ryan\ryande01,0.28358638
53,Jay Beagle\beaglja01,0.28382653
685,Nikita Nesterov\nesteni01,0.2856765
667,Samuel Morin\morinsa01,0.28584445
790,Justin Richards\richaju01,0.28615493
753,Matthew Phillips\phillma01,0.28655383
130,Bowen Byram\byrambo01,0.28690812
837,Luke Schenn\schenlu01,0.28903735
333,Glenn Gawdin\gawdigl01,0.28923953
965,Sami Vatanen\vatansa01,0.29088122
592,Kurtis MacDermid\macdeku01,0.29089382
227,Travis Dermott\dermotr01,0.29146916
65,Jordie Benn\bennjo01,0.2917158
756,Brian Pinho\pinhobr01,0.29187864
432,Cameron Hughes\hugheca01,0.292528
785,Mike Reilly\reillmi01,0.29275054
1021,Travis Zajac\zajactr01,0.29276168
14,Michael Amadio\amadimi01,0.29322988
862,Radim Simek\simekra01,0.29369238
373,Erik Gustafsson\gustaer02,0.29449326
956,Alexander True\trueal01,0.2952451
523,Dean Kukan\kukande01,0.2957889
977,Marc-Edouard Vlasic\vlasima01,0.29606965
596,Ryan MacInnis\macinry01,0.2975241
157,Zdeno Chara\charazd01,0.29760364
174,Connor Clifton\cliftco01,0.29794535
906,Anton Stralman\stralan01,0.29905918
492,Joey Keane\keanejo01,0.2995329
672,Ryan Murray\murrary01,0.29999757
158,Jalen Chatfield\chatfja01,0.3011868
824,Mattias Samuelsson\samuema02,0.30148783
760,Rem Pitlick\pitlire01,0.3015099
782,Alec Regula\regulal01,0.3034696
509,Mikko Koivu\koivumi01,0.30366406
549,Jacob Larsson\larssja01,0.30438432
1013,Jesse Ylönen\yloneje01,0.3095109
225,Jason Demers\demerja01,0.31088957
830,David Savard\savarda01,0.31092477
420,Taro Hirose\hirosta01,0.31149578
890,Marc Staal\staalma01,0.31212574
653,Niko Mikkola\mikkoni01,0.31271768
1014,Cameron York\yorkca01,0.31335315
644,Jonathon Merrill\merrijo01,0.3143578
538,Tanner Laczynski\laczyta01,0.31494027
646,Victor Mete\metevi01,0.31692505
882,Carson Soucy\soucyca01,0.3174024
695,Joakim Nordstrom\nordsjo02,0.31747094
111,T.J. Brodie\broditj01,0.31846938
768,Ryan Pulock\pulocry01,0.3198116
78,Clark Bishop\bishocl01,0.32192907
113,Jonny Brodzinski\brodzjo01,0.32362947
140,Gabriel Carlsson\carlsga01,0.32447174
825,Rasmus Sandin\sandira01,0.32679984
1017,Nikita Zadorov\zadorni01,0.32682574
704,Drew O'Connor\oconndr01,0.32684338
297,Callan Foote\footeca01,0.32733658
643,Jonathon Merrill\merrijo01,0.32736292
552,Jeremy Lauzon\lauzoje01,0.32864887
463,Caleb Jones\jonesca01,0.32900283
352,Andy Greene\greenan01,0.32989088
881,Marcus Sorensen\sorenma01,0.33266538
526,Dmitry Kulikov\kulikdm01,0.33295852
280,David Farrance\farrada01,0.33345175
52,Gavin Bayreuther\bayrega01,0.33499274
319,Alex Galchenyuk\galchal01,0.33528703
239,Justin Dowling\dowliju01,0.33564952
75,Jacob Bernard-Docker\bernaja01,0.336197
700,Markus Nutivaara\nutivma01,0.3375614
973,Jimmy Vesey\veseyji02,0.33819592
231,Brenden Dillon\dillobr01,0.33967185
659,Ian Mitchell\mitchia01,0.34092373
829,David Savard\savarda01,0.34120265
593,Jacob MacDonald\macdoja02,0.34284312
257,Ryan Dzingel\dzingry01,0.343788
2,Calen Addison\addisca01,0.3441252
843,Andrej Sekera\sekeran01,0.34536952
221,Danny DeKeyser\dekeyda01,0.34608057
614,Patrick Marleau\marlepa01,0.34758174
191,Brett Connolly\connobr01,0.34820783
81,Anders Bjork\bjorkan01,0.35112822
578,Hampus Lindholm\lindhha01,0.3533367
466,Zachary Jones\jonesza01,0.3534009
525,Dmitry Kulikov\kulikdm01,0.35377568
378,Robert Hagg\haggro01,0.3543599
438,Ben Hutton\huttobe01,0.35783005
964,Sami Vatanen\vatansa01,0.35853216
1023,Jakub Zboril\zborija01,0.35853744
426,Justin Holl\hollju01,0.35877445
361,Radko Gudas\gudasra01,0.36013842
905,Michael Stone\stonemi01,0.36035815
648,Victor Mete\metevi01,0.36121207
363,Erik Gudbranson\gudbrer01,0.36204606
869,Brendan Smith\smithbr05,0.36270952
437,Ben Hutton\huttobe01,0.3640797
901,Riley Stillman\stillri01,0.36432207
372,Erik Gustafsson\gustaer02,0.36434045
381,Jani Hakanpaa\hakanja01,0.365007
590,Ilya Lyubushkin\lyubuil01,0.36512178
472,Olli Juolevi\juoleol01,0.3662663
17,Michael Anderson\andermi02,0.36654976
362,Erik Gudbranson\gudbrer01,0.3668297
539,Sam Lafferty\laffesa01,0.36804682
752,Marcus Pettersson\pettema01,0.36930206
591,Olli Maatta\maattol01,0.37196308
380,Libor Hajek\hajekli01,0.37230638
899,Mitchell Stephens\stephmi01,0.37237093
809,Matt Roy\royma04,0.37314096
955,Jacob Trouba\troubja01,0.3741027
524,Brett Kulak\kulakbr01,0.37467068
1022,Yegor Zamula\zamulye01,0.37467486
190,Brett Connolly\connobr01,0.3748913
637,Brayden McNabb\mcnabbr01,0.37767565
109,Justin Braun\braunju01,0.3780836
682,Patrik Nemeth\nemetpa01,0.38206333
172,Kale Clague\claguka01,0.38293955
290,Haydn Fleury\fleurha01,0.38322014
313,Morgan Frost\frostmo01,0.3834253
289,Haydn Fleury\fleurha01,0.3843077
833,Marco Scandella\scandma01,0.38498554
635,Ryan McLeod\mcleory01,0.38624394
769,Mark Pysyk\pysykma01,0.38688532
406,Ville Heinola\heinovi01,0.38709867
151,Jackson Cates\catesja01,0.38733536
764,Tucker Poolman\poolmtu01,0.38736466
583,Ryan Lomberg\lombery01,0.38782445
939,Joe Thornton\thornjo01,0.38976535
800,Nicholas Robertson\roberni01,0.39259318
114,Mathias Brome\bromema01,0.39319214
375,Gaetan Haas\haasga01,0.39418104
595,Zack MacEwen\macewza01,0.39656892
817,Adam Ruzicka\ruzicad01,0.3970421
791,Brad Richardson\richabr02,0.39792615
229,Phillip Di Giuseppe\digiuph01,0.39822927
429,Brett Howden\howdebr01,0.39962858
995,Austin Watson\watsoau01,0.4001815
452,Nick Jensen\jenseni02,0.40088224
681,Patrik Nemeth\nemetpa01,0.40316862
728,Cedric Paquette\paquece01,0.40435457
774,Michael Raffl\rafflmi01,0.40466997
597,Connor Mackey\mackeco01,0.4056889
307,Mark Friedman\friedma01,0.40726742
146,Alexandre Carrier\carrial01,0.40727416
910,Marian Studenic\studema01,0.40773073
707,Jordan Oesterle\oestejo01,0.40830874
284,Mario Ferraro\ferrama01,0.408941
123,Connor Bunnaman\bunnaco01,0.40931633
323,Rhett Gardner\gardnrh01,0.41178924
84,Tobias Bjornfot\bjornto01,0.41237572
13,Michael Amadio\amadimi01,0.41240242
958,Kyle Turris\turriky01,0.41248348
192,Brett Connolly\connobr01,0.4125888
371,David Gustafsson\gustada01,0.4138952
134,Drake Caggiula\caggidr01,0.4148906
12,Michael Amadio\amadimi01,0.41675237
616,Pat Maroon\maroopa01,0.41715685
163,Sasha Chmelevski\chmelal01,0.41978696
299,Derek Forbort\forbode01,0.4226674
446,Mattias Janmark\janmama02,0.4233565
902,Riley Stillman\stillri01,0.42336366
517,Peyton Krebs\krebspe01,0.42338473
994,Jake Walman\walmaja01,0.42703998
232,Christian Djoos\djoosch01,0.42968634
925,Chris Tanev\tanevch01,0.4303085
260,Alexander Edler\edleral01,0.43146017
457,Luke Johnson\johnslu01,0.4320392
599,Josh Mahura\mahurjo01,0.43375275
1005,Zach Whitecloud\whiteza01,0.4343572
383,Jani Hakanpaa\hakanja01,0.4347654
160,Ben Chiarot\chiarbe01,0.43566793
394,Jansen Harkins\harkija01,0.43667564
613,John Marino\marinjo01,0.43719116
226,Grigori Denisenko\denisgr01,0.4376121
834,Colton Sceviour\scevico01,0.43929726
332,Vladislav Gavrikov\gavrivl01,0.43950453
894,Troy Stecher\stechtr01,0.4437494
128,Will Butcher\butchwi01,0.4465916
1027,Artem Zub\zubar01,0.44672567
104,Travis Boyd\boydtr01,0.4467632
56,Nicolas Beaudin\beaudni01,0.44685325
288,Haydn Fleury\fleurha01,0.4468715
286,Valtteri Filppula\filppva01,0.4476839
727,Cedric Paquette\paquece01,0.44871876
804,Alexander Romanov\romanal01,0.4507784
261,Joel Edmundson\edmunjo01,0.45300618
214,Calvin de Haan\dehaaca01,0.45572895
686,Alex Newhook\newhoal01,0.45761406
989,Nathan Walker\walkena01,0.45864755
888,Eric Staal\staaler01,0.4600447
88,Joachim Blichfeld\blichjo01,0.4607468
773,Michael Raffl\rafflmi01,0.4610323
336,Timothy Gettinger\gettiti01,0.46455345
7,Sebastian Aho\ahose02,0.46546033
55,Ethan Bear\bearet01,0.46590066
507,Nikolai Knyzhov\knyzhni01,0.4660925
173,Kyle Clifford\cliffky01,0.4669613
784,Mike Reilly\reillmi01,0.4682913
516,Vitali Kravtsov\kravtvi01,0.47075376
251,Brian Dumoulin\dumoubr01,0.4729359
564,Brendan Lemieux\lemiebr01,0.47466618
623,Scott Mayfield\mayfisc01,0.47488075
179,Dylan Coghlan\coghldy01,0.4754777
344,Alex Goligoski\goligal01,0.47551826
792,Tobias Rieder\riedeto01,0.4774402
710,Mathieu Olivier\olivima01,0.48072907
1018,Nikita Zaitsev\zaitsni01,0.4825885
729,Colton Parayko\parayco01,0.48276904
22,Anthony Angello\angelan01,0.48335126
919,Ryan Suter\suterry01,0.4856606
576,Ryan Lindgren\lindgry01,0.48612326
594,Mackenzie MacEachern\maceama01,0.48727456
389,Travis Hamonic\hamontr01,0.48933125
892,Logan Stanley\stanllo01,0.48976466
82,Anders Bjork\bjorkan01,0.4905395
292,Steven Fogarty\fogarst01,0.49398157
462,Henri Jokiharju\jokihhe01,0.4966865
664,Brandon Montour\montobr01,0.4969039
670,Connor Murphy\murphco02,0.49825725
369,Nikita Gusev\gusevni01,0.49902168
311,Byron Froese\froesby01,0.49961892
726,Cedric Paquette\paquece01,0.5016449
636,Connor McMichael\mcmicco01,0.50710374
103,Travis Boyd\boydtr01,0.5075158
839,Nate Schmidt\schmina01,0.5085625
724,Richard Panik\panikri01,0.50919676
400,Jayce Hawryluk\hawryja01,0.5104906
548,Adam Larsson\larssad01,0.513432
860,Dylan Sikura\sikurdy01,0.51578486
102,Travis Boyd\boydtr01,0.51963055
222,Michael Del Zotto\delzomi01,0.5239412
986,Chris Wagner\wagnech01,0.525106
210,Zac Dalpe\dalpeza01,0.52695376
961,Juuso Valimaki\valimju01,0.52757686
565,Brendan Lemieux\lemiebr01,0.52829134
874,Givani Smith\smithgi01,0.52976245
408,Darren Helm\helmda01,0.53000534
629,Max McCormick\mccorma01,0.53073543
80,Anders Bjork\bjorkan01,0.53196365
390,Fredrik Händemark\handefr01,0.5325046
175,Cal Clutterbuck\cluttca01,0.537864
979,Alexander Volkov\volkoal01,0.53821695
351,Ryan Graves\gravery01,0.54056984
370,Nikita Gusev\gusevni01,0.5420231
23,Artem Anisimov\anisiar01,0.5429465
308,Mark Friedman\friedma01,0.5456681
287,Christian Fischer\fischch01,0.54578364
849,Kevin Shattenkirk\shattke01,0.5460045
587,Matt Luff\luffma01,0.54661983
655,Colin Miller\milleco02,0.548132
303,Liam Foudy\foudyli01,0.54958344
401,John Hayden\haydejo01,0.55074847
617,Matt Martin\martima02,0.554978
50,Nathan Bastian\bastina01,0.55669516
132,Nicholas Caamano\caamani01,0.5577044
129,Quinton Byfield\byfiequ01,0.55938584
469,Dakota Joshua\joshuda01,0.55971324
797,Brett Ritchie\ritchbr01,0.5623995
972,Jimmy Vesey\veseyji02,0.5637578
142,Ryan Carpenter\carpery01,0.5641902
674,Philippe Myers\myersph01,0.5647497
258,Cody Eakin\eakinco01,0.56569
186,Blake Comeau\comeabl01,0.56840205
153,Cody Ceci\cecico01,0.569886
413,Matthew Highmore\highmma01,0.57198447
54,Jake Bean\beanja01,0.5744963
494,Duncan Keith\keithdu01,0.57588315
277,Dante Fabbro\fabbrda01,0.5762043
40,Alexander Barabanov\barabal01,0.57816505
479,Wyatt Kalynuk\kalynwy01,0.5798876
443,Mark Jankowski\jankoma01,0.58373964
783,Mike Reilly\reillmi01,0.59114766
971,Jimmy Vesey\veseyji02,0.59162056
633,Greg McKegg\mckeggr01,0.5945805
563,Brendan Lemieux\lemiebr01,0.59526473
32,Nicolas Aube-Kubel\aubekni01,0.6008697
496,Joel Kellman\kellmjo01,0.6015656
761,Tyler Pitlick\pitlity01,0.60163295
398,Garnet Hathaway\hathaga01,0.6043964
298,Nolan Foote\footeno01,0.6052634
708,Kyle Okposo\okposky01,0.60887253
19,Lias Andersson\anderli01,0.60992545
545,Juho Lammikko\lammiju01,0.61000985
133,Drake Caggiula\caggidr01,0.6103861
742,Lane Pederson\pederla01,0.61394364
631,Ryan McDonagh\mcdonry01,0.6169461
377,Carl Hagelin\hagelca01,0.6208443
678,James Neal\nealja01,0.6211787
478,Arthur Kaliyev\kaliyar01,0.6224373
657,K'Andre Miller\milleka01,0.622914
887,Eric Staal\staaler01,0.62413937
612,Mason Marchment\marchma01,0.62874025
723,Richard Panik\panikri01,0.6290538
233,Noah Dobson\dobsono01,0.6292378
468,Pierre-Olivier Joseph\joseppi01,0.6360703
850,Andrew Shaw\shawan01,0.63626486
243,Jamie Drysdale\drysdja01,0.6363616
673,Jake Muzzin\muzzija01,0.6363642
331,Julien Gauthier\gauthju01,0.63644034
25,Josh Archibald\archijo01,0.6369742
180,Andrew Cogliano\coglian01,0.63710034
851,Riley Sheahan\sheahri01,0.6382928
796,Rasmus Ristolainen\ristora01,0.6394367
677,Riley Nash\nashri02,0.6398355
460,Andreas Johnsson\johnsan01,0.63993716
863,Wayne Simmonds\simmowa01,0.6414286
327,Adam Gaudette\gaudead01,0.64165896
589,Eetu Luostarinen\luostee01,0.64304376
256,Ryan Dzingel\dzingry01,0.6436228
106,Erik Brannstrom\branner01,0.6449183
721,Kyle Palmieri\palmiky01,0.64562654
915,Oskar Sundqvist\sundqos01,0.6472879
840,Justin Schultz\schulju01,0.65113604
295,Nick Foligno\foligni01,0.65261906
709,Jamie Oleksiak\oleksja01,0.65354574
641,Nicholas Merkley\merklni01,0.6566218
522,Karson Kuhlman\kuhlmka01,0.6573738
94,Adam Boqvist\boqviad01,0.6635415
779,Jack Rathbone\rathbja01,0.66391146
748,Brett Pesce\pescebr01,0.6641147
556,Nick Leddy\leddyni01,0.6674843
480,David Kampf\kampfda01,0.66994363
555,Curtis Lazar\lazarcu01,0.6702782
228,Nicolas Deslauriers\deslani01,0.6703696
138,Brandon Carlo\carlobr01,0.6729947
131,Paul Byron\byronpa01,0.67718863
898,Derek Stepan\stepade01,0.6775218
436,Dryden Hunt\huntdr01,0.6781917
867,Brady Skjei\skjeibr01,0.68229496
59,Pierre-Edouard Bellemare\bellepi01,0.68393743
772,Michael Raffl\rafflmi01,0.6859077
566,John Leonard\leonajo01,0.68598086
410,Aleksi Heponiemi\heponal01,0.69195396
255,Ryan Dzingel\dzingry01,0.692895
953,Yakov Trenin\treniya01,0.6956896
510,Keegan Kolesar\koleske01,0.6957835
350,Tyler Graovac\graovty01,0.69989073
145,Sam Carrick\carrisa01,0.7010837
282,Jesper Fast\fastje01,0.7033072
575,Esa Lindell\lindees01,0.70408493
416,Vinnie Hinostroza\hinosvi01,0.7052166
268,Ryan Ellis\ellisry01,0.70564127
747,Corey Perry\perryco01,0.705898
745,Mathieu Perreault\perrema01,0.7070206
584,Steven Lorentz\lorenst01,0.71071804
294,Nick Foligno\foligni01,0.7119325
202,Lawson Crouse\crousla01,0.7128417
846,Damon Severson\severda01,0.71341825
885,Jared Spurgeon\spurgja01,0.714587
618,Alec Martinez\martial01,0.7182164
827,Travis Sanheim\sanhetr01,0.7220426
33,David Backes\backeda01,0.725921
581,Blake Lizotte\lizotbl01,0.72624165
379,Nicolas Hague\hagueni01,0.7264797
368,Nikita Gusev\gusevni01,0.72653633
911,Jack Studnicka\studnja01,0.7300942
334,Morgan Geekie\geekimo01,0.73075205
304,Cam Fowler\fowleca01,0.7359373
737,Nolan Patrick\patrino01,0.7380143
880,Victor Soderstrom\sodervi01,0.73832816
47,Morgan Barron\barromo01,0.7407992
690,Matthew Nieto\nietoma01,0.7412368
985,Austin Wagner\wagneau01,0.74169433
996,Shea Weber\webersh01,0.74210095
271,Mackenzie Entwistle\entwima01,0.7431606
195,Nick Cousins\cousini01,0.7471213
147,William Carrier\carriwi01,0.748729
42,Alexander Barabanov\barabal01,0.7491999
668,Josh Morrissey\morrijo04,0.7514463
758,Neal Pionk\pionkne01,0.7538939
326,Adam Gaudette\gaudead01,0.75637597
744,Adam Pelech\pelecad01,0.76110196
976,Jake Virtanen\virtaja01,0.7620291
337,Ryan Getzlaf\getzlry01,0.77162266
842,Tyler Seguin\seguity01,0.77170795
250,Mathew Dumba\dumbama01,0.773426
876,Ty Smith\smithty01,0.77907044
63,Emil Bemstrom\bemstem01,0.77938235
1011,Kailer Yamamoto\yamamka01,0.77941406
877,Carl Soderberg\soderca01,0.78254163
321,Dylan Gambrell\gambrdy01,0.7848707
266,Oliver Ekman-Larsson\ekmanol01,0.7905068
536,Joel L'Esperance\lespejo01,0.79086
990,Sean Walker\walkese01,0.7909611
619,Jordan Martinook\martijo01,0.79107946
571,Trevor Lewis\lewistr01,0.7926402
855,Devin Shore\shorede01,0.7950769
223,Ty Dellandrea\dellaty01,0.797123
520,Torey Krug\krugto01,0.7974133
968,Joseph Veleno\velenjo01,0.8017034
20,Rasmus Andersson\anderra01,0.80227524
886,Eric Staal\staaler01,0.8045834
328,Frederick Gaudreau\gaudrfr01,0.8092745
306,Trent Frederic\fredetr01,0.8093816
355,Noah Gregor\gregono01,0.809796
878,Carl Soderberg\soderca01,0.8123143
154,Erik Cernak\cernaer01,0.81279767
112,Jonas Brodin\brodijo01,0.8137159
450,Jan Jenik\jenikja01,0.81380665
818,Bobby Ryan\ryanbo01,0.816287
356,Mikhail Grigorenko\grigomi01,0.81872785
135,Drake Caggiula\caggidr01,0.82053185
391,Noah Hanifin\hanifno01,0.8226943
270,Tyler Ennis\ennisty01,0.8235376
914,P.K. Subban\subbapk01,0.8237089
663,Brandon Montour\montobr01,0.82421726
757,Shane Pinto\pintosh01,0.8282271
275,Jake Evans\evansja02,0.8347459
318,Alex Galchenyuk\galchal01,0.83925843
588,Isac Lundestrom\lundeis01,0.84266293
393,Mike Hardman\hardmmi01,0.8430935
325,Adam Gaudette\gaudead01,0.8438257
530,Rasmus Kupari\kuparra01,0.8443792
868,Jaccob Slavin\slavija01,0.8445768
1012,Keith Yandle\yandlke01,0.8452783
926,Vladimir Tarasenko\tarasvl01,0.8497872
45,Alex Barre-Boulet\barreal01,0.85148233
252,Vince Dunn\dunnvi02,0.8528921
317,Alex Galchenyuk\galchal01,0.8567283
805,Kevin Rooney\rooneke01,0.8574342
923,Evgeny Svechnikov\svechev01,0.85809916
500,Tanner Kero\kerota01,0.85861325
544,Patrik Laine\lainepa01,0.85947704
812,Arttu Ruotsalainen\ruotsar01,0.86550945
242,Jonathan Drouin\drouijo01,0.87155896
247,Pierre-Luc Dubois\duboipi01,0.8808037
386,Taylor Hall\hallta02,0.88367325
574,Oskar Lindblom\lindbos01,0.8840333
978,Alexander Volkov\volkoal01,0.88464695
403,Barrett Hayton\haytoba01,0.8847567
980,Alexander Volkov\volkoal01,0.88601226
676,Vladislav Namestnikov\namesvl01,0.88606584
417,Vinnie Hinostroza\hinosvi01,0.88740665
895,Sam Steel\steelsa01,0.88976485
430,Filip Hronek\hronefi01,0.8917828
502,Jujhar Khaira\khairju01,0.8966422
935,Robert Thomas\thomaro01,0.9018524
705,Logan O'Connor\oconnlo01,0.91060334
932,Alexandre Texier\texieal01,0.9107229
105,Tyler Bozak\bozakty01,0.91440135
662,Brandon Montour\montobr01,0.91760904
415,Matthew Highmore\highmma01,0.9216154
586,Milan Lucic\lucicmi01,0.92936814
1,Noel Acciari\acciano01,0.929657
100,Evan Bouchard\bouchev01,0.9306593
497,Parker Kelly\kellypa01,0.93635267
505,Joel Kiviranta\kivirjo01,0.9426379
206,Kirby Dach\dachki01,0.9529466
931,Troy Terry\terrytr01,0.95802754
161,Alex Chiasson\chiasal01,0.9647965
675,Tyler Myers\myersty01,0.9671675
343,Luke Glendening\glendlu01,0.9694554
620,Mike Matheson\mathemi01,0.9711954
486,Erik Karlsson\karlser01,0.97492886
115,Adam Brooks\brookad01,0.9776106
550,Johan Larsson\larssjo02,0.9818545
199,Dylan Cozens\cozendy01,0.9830014
861,Jakob Silfverberg\silfvja01,0.9888049
866,Jeff Skinner\skinnje01,0.9891853
865,Colton Sissons\sissoco01,0.9900048
126,Brent Burns\burnsbr01,0.99047613
770,Alexander Radulov\radulal01,0.9907759
940,Chris Tierney\tiernch01,0.992559
405,Danton Heinen\heineda01,0.9952493
924,Brandon Tanev\tanevbr01,1.0013067
340,Samuel Girard\girarsa01,1.0045639
554,Curtis Lazar\lazarcu01,1.004889
845,Mikhail Sergachev\sergami01,1.0058302
300,Alex Formenton\formeal01,1.0124553
69,Sam Bennett\bennesa01,1.0146707
669,Tyler Motte\mottety01,1.0175568
558,Artturi Lehkonen\lehkoar01,1.0186744
553,Curtis Lazar\lazarcu01,1.0305669
95,Jesper Boqvist\boqvije01,1.0311049
609,Anthony Mantha\manthan01,1.0323603
465,Seth Jones\jonesse01,1.0344697
9,Wade Allison\alliswa01,1.0365428
230,Jason Dickinson\dickija01,1.0381709
60,Kieffer Bellows\belloki01,1.0413896
237,Drew Doughty\doughdr01,1.042103
1026,Radim Zohorna\zohorra01,1.0425699
353,Jordan Greenway\greenjo02,1.0460844
625,Charlie McAvoy\mcavoch01,1.047564
1029,Jason Zucker\zuckeja01,1.0560768
464,Max Jones\jonesma03,1.0567106
778,Michael Rasmussen\rasmumi01,1.0661113
529,Janne Kuokkanen\kuokkja01,1.0689179
349,Derek Grant\grantde01,1.0742557
920,Brandon Sutter\suttebr03,1.0771298
345,Barclay Goodrow\goodrba01,1.0819869
562,Josh Leivo\leivojo01,1.0841746
248,Matt Duchene\duchema01,1.0877141
712,Dmitry Orlov\orlovdm01,1.0885576
766,Ivan Provorov\provoiv01,1.094398
43,Ivan Barbashev\barbaiv01,1.1013958
342,Cody Glass\glassco01,1.1032033
302,Gustav Forsling\forslgu02,1.1094624
434,Quinn Hughes\hughequ01,1.1165793
339,Mark Giordano\giordma01,1.1180254
1001,Zach Werenski\werenza01,1.1203066
632,Brock McGinn\mcginbr01,1.1210983
1019,Travis Zajac\zajactr01,1.1239228
208,Rasmus Dahlin\dahlira01,1.1247472
445,Mattias Janmark\janmama02,1.1256562
1020,Travis Zajac\zajactr01,1.1331725
810,Nicolas Roy\royni01,1.1336141
278,Radek Faksa\faksara01,1.140986
454,Marcus Johansson\johanma03,1.1442237
897,Kevin Stenlund\stenlke01,1.144564
359,Carl Grundstrom\grundca01,1.1472878
39,Rudolfs Balcers\balceru01,1.1473788
107,Derick Brassard\brassde01,1.1481327
532,Philipp Kurashev\kurasph01,1.1510609
29,Zach Aston-Reese\astonza01,1.1535097
793,Morgan Rielly\riellmo01,1.1576508
499,Alexander Kerfoot\kerfoal01,1.1630223
346,Shayne Gostisbehere\gostish01,1.1786706
666,Trevor Moore\mooretr01,1.1790227
168,Casey Cizikas\cizikca01,1.1848187
155,Thomas Chabot\chaboth01,1.1863132
604,Mikhail Maltsev\maltsmi01,1.1901082
360,Matt Grzelcyk\grzelma01,1.1923194
149,Jeff Carter\carteje01,1.192968
506,John Klingberg\klingjo01,1.1955807
444,Mattias Janmark\janmama02,1.1956689
826,Zach Sanford\sanfoza01,1.2002096
198,Charlie Coyle\coylech01,1.2140138
357,Rocco Grimaldi\grimaro01,1.2187262
207,Evgenii Dadonov\dadonev01,1.2216297
449,Tanner Jeannot\jeannta01,1.2218238
211,Phillip Danault\danauph01,1.2294503
26,Joel Armia\armiajo01,1.2317408
841,Jaden Schwartz\schwaja01,1.2320914
802,Eric Robinson\robiner01,1.2352422
453,Ryan Johansen\johanry01,1.2368225
531,Sean Kuraly\kuralse01,1.2444178
93,Nick Bonino\boninni01,1.2515075
152,Cole Caufield\caufico01,1.2521155
18,Jaret Anderson-Dolan\anderja01,1.255718
543,Patrik Laine\lainepa01,1.2565769
316,Sam Gagner\gagnesa01,1.2572117
269,Pierre Engvall\engvapi01,1.2598968
740,Tanner Pearson\pearsta01,1.2743676
238,Nic Dowd\dowdni01,1.2778225
283,Justin Faulk\faulkju01,1.2873093
459,Tyler Johnson\johnsty01,1.2887455
451,Boone Jenner\jennebo01,1.2897464
1024,Trevor Zegras\zegratr01,1.2996004
87,Sammy Blais\blaissa01,1.3037012
220,Jake DeBrusk\debruja01,1.3043089
634,Michael McLeod\mcleomi01,1.3064078
730,Zach Parise\parisza01,1.3081564
37,Josh Bailey\bailejo01,1.3112981
738,Nick Paul\paulni01,1.3125647
777,Victor Rask\raskvi01,1.313269
608,Anthony Mantha\manthan01,1.3168999
274,Adam Erne\ernead01,1.3233197
90,Teddy Blueger\bluegte01,1.3289578
187,J.T. Compher\comphj.01,1.3308126
76,Tyler Bertuzzi\bertuty01,1.332508
28,Rasmus Asplund\asplura01,1.3352066
476,Dominik Kahun\kahundo01,1.3425658
937,Tage Thompson\thompta01,1.3442078
949,Devon Toews\toewsde01,1.3485123
602,Evgeni Malkin\malkiev01,1.3584828
1003,Colin White\whiteco02,1.3594164
803,Evan Rodrigues\rodriev01,1.3618413
263,Jack Eichel\eicheja01,1.3663955
551,Scott Laughton\laughsc01,1.3716495
150,Jeff Carter\carteje01,1.3789383
1016,Filip Zadina\zadinfi01,1.3850731
477,Kaapo Kakko\kakkoka01,1.3970449
244,Dillon Dube\dubedi01,1.3995239
85,Nick Bjugstad\bjugsni01,1.4010853
542,Patrik Laine\lainepa01,1.4030663
305,Adam Fox\foxad01,1.4042308
930,Teuvo Teravainen\teravte01,1.4063894
407,Miro Heiskanen\heiskmi01,1.4108899
421,Nico Hischier\hischni01,1.4115614
293,Marcus Foligno\foligma01,1.4134699
471,Tyson Jost\jostty01,1.4167064
265,Mattias Ekholm\ekholma01,1.4181008
998,MacKenzie Weegar\weegama01,1.4189588
235,Ryan Donato\donatry01,1.4219937
515,Jesperi Kotkaniemi\kotkaje01,1.4287354
397,Ryan Hartman\hartmry01,1.4333541
267,Lars Eller\ellerla01,1.4462143
908,Dylan Strome\stromdy01,1.4494451
720,Kyle Palmieri\palmiky01,1.4536809
754,Alex Pietrangelo\pietral01,1.4581578
291,Warren Foegele\foegewa01,1.4608504
927,Tomas Tatar\tatarto01,1.464806
852,Conor Sheary\shearco01,1.4688591
234,Max Domi\domima01,1.469311
30,Andreas Athanasiou\athanan01,1.4713576
912,Nico Sturm\sturmni01,1.4756756
467,Mathieu Joseph\josepma01,1.478323
246,Pierre-Luc Dubois\duboipi01,1.5093802
687,Valeri Nichushkin\nichuva01,1.5166216
139,John Carlson\carlsjo01,1.5272452
697,Tomas Nosek\nosekto01,1.5288548
167,Anthony Cirelli\cirelan01,1.5304736
1028,Mats Zuccarello\zuccama01,1.5311153
399,Erik Haula\haulaer01,1.536434
404,Victor Hedman\hedmavi01,1.5503776
719,Kyle Palmieri\palmiky01,1.559658
376,Brandon Hagel\hagelbr01,1.5630448
348,Mikael Granlund\granlmi01,1.5641432
652,Ilya Mikheyev\mikheil01,1.5720615
528,Luke Kunin\kuninlu01,1.5721257
568,Kris Letang\letankr01,1.5723332
981,Jakub Voracek\voracja01,1.5878588
975,Gabriel Vilardi\vilarga01,1.588423
470,Roman Josi\josiro01,1.5979341
166,Filip Chytil\chytifi01,1.6003662
124,Michael Bunting\buntimi01,1.6098347
540,Alexis Lafreniere\lafreal01,1.6148918
86,Colin Blackwell\blackco01,1.6171347
245,Pierre-Luc Dubois\duboipi01,1.6358107
585,Adam Lowry\lowryad01,1.6501839
24,Mason Appleton\applema01,1.6565956
537,Kevin Labanc\labanke01,1.6627986
409,Adam Henrique\henriad01,1.668522
984,Jakub Vrana\vranaja01,1.675526
946,Owen Tippett\tippeow01,1.6887863
185,Ross Colton\coltoro01,1.6893085
387,Taylor Hall\hallta02,1.6976323
441,Alex Iafallo\iafalal01,1.6982875
607,Anthony Mantha\manthan01,1.7021179
767,Jesse Puljujarvi\puljuje01,1.7052425
822,Brandon Saad\saadbr01,1.7075989
775,Rickard Rakell\rakelri01,1.7328315
711,Victor Olofsson\olofsvi01,1.7366191
875,Reilly Smith\smithre01,1.741295
385,Taylor Hall\hallta02,1.745855
46,Tyson Barrie\barrity01,1.74684
70,Sam Bennett\bennesa01,1.7562338
601,Cale Makar\makarca01,1.7588189
276,Robby Fabbri\fabbrro01,1.7629265
1002,Blake Wheeler\wheelbl01,1.7741859
108,Jesper Bratt\brattje01,1.7776655
883,Jason Spezza\spezzja01,1.7802094
512,Travis Konecny\konectr01,1.7822683
504,Alex Killorn\killoal01,1.79002
933,Shea Theodore\theodsh01,1.8028389
838,Nick Schmaltz\schmani01,1.8198884
806,Jack Roslovic\rosloja01,1.8247434
798,Nick Ritchie\ritchni01,1.8352532
424,Nils Hoglander\hoglani01,1.8353097
533,Evgeny Kuznetsov\kuzneev01,1.8577545
893,Paul Stastny\stastpa01,1.8581975
699,Darnell Nurse\nurseda01,1.8600249
660,Casey Mittelstadt\mitteca01,1.8604869
447,Calle Jarnkrok\jarnkca01,1.8714796
484,Kasperi Kapanen\kapanka01,1.8731852
951,Eeli Tolvanen\tolvaee01,1.8872981
547,Dylan Larkin\larkidy01,1.8876187
519,David Krejci\krejcda01,1.88909
983,Jakub Vrana\vranaja01,1.9009222
27,Viktor Arvidsson\arvidvi01,1.9091743
264,Aaron Ekblad\ekblaaa01,1.9137937
1006,Tom Wilson\wilsoto01,1.9255543
987,Oliver Wahlstrom\wahlsol01,1.9316831
750,Jeff Petry\petryje01,1.9320629
884,Daniel Sprong\spronda01,1.948471
31,Cam Atkinson\atkinca01,1.9557178
388,Dougie Hamilton\hamildo01,1.9575223
918,Pius Suter\suterpi01,1.9584354
1010,Miles Wood\woodmi01,1.961478
639,Timo Meier\meierti01,1.962612
188,Max Comtois\comtoma01,1.9679903
367,Denis Gurianov\guriade01,1.9697622
605,Andrew Mangiapane\mangian01,1.9721972
661,Sean Monahan\monahse01,1.9778231
498,Adrian Kempe\kempead01,1.9796221
184,Blake Coleman\colembl01,1.98089
535,Jordan Kyrou\kyroujo01,1.983929
913,Tim Stützle\stuetti02,2.0007043
557,Anders Lee\leean01,2.0054429
717,Jean-Gabriel Pageau\pageaje01,2.013145
34,Mikael Backlund\backlmi01,2.016958
751,Elias Pettersson\petteel01,2.0344276
196,Logan Couture\coutulo01,2.0547092
68,Sam Bennett\bennesa01,2.0630822
433,Jack Hughes\hugheja03,2.079008
1000,Alexander Wennberg\wennbal01,2.0849786
848,Yegor Sharangovich\sharaye01,2.0857334
259,Jordan Eberle\eberljo01,2.0876203
402,Kevin Hayes\hayeske01,2.1010873
249,Anthony Duclair\duclaan01,2.1020896
64,Jamie Benn\bennja01,2.124835
35,Nicklas Backstrom\backsni02,2.1323655
16,Josh Anderson\anderjo05,2.1381333
148,Jeff Carter\carteje01,2.1518176
324,Conor Garland\garlaco01,2.155099
83,Oliver Bjorkstrand\bjorkol01,2.1582475
116,Connor Brown\brownco02,2.1779678
501,Phil Kessel\kesseph01,2.1976767
320,Brendan Gallagher\gallabr01,2.205885
427,Patric Hornqvist\hornqpa01,2.2272975
836,Brayden Schenn\schenbr01,2.2290251
236,Joonas Donskoi\donskjo01,2.2336519
872,Craig Smith\smithcr01,2.2480094
301,Filip Forsberg\forsbfi01,2.2577648
51,Drake Batherson\bathedr01,2.258581
117,Dustin Brown\browndu01,2.2690184
194,Andrew Copp\coppan01,2.2737715
521,Dominik Kubalík\kubaldo01,2.2922757
495,Clayton Keller\kellecl01,2.2930038
254,Christian Dvorak\dvorach01,2.2976491
440,Zach Hyman\hymanza01,2.3000555
58,Anthony Beauvillier\beauvan01,2.322126
698,Ryan Nugent-Hopkins\nugenry01,2.3280115
279,Joel Farabee\farabjo01,2.3511722
696,Joshua Norris\norrijo01,2.355139
718,Ondrej Palat\palaton01,2.356541
273,Joel Eriksson Ek\eriksjo02,2.3588696
957,Alex Tuch\tuchal01,2.3765934
921,Nick Suzuki\suzukni01,2.391199
948,Matthew Tkachuk\tkachma01,2.3932943
341,Claude Giroux\giroucl01,2.4385238
680,Brock Nelson\nelsobr01,2.4386365
165,Jakob Chychrun\chychja01,2.4484863
922,Andrei Svechnikov\svechan01,2.4647338
627,Jared McCann\mccanja01,2.4658215
900,Chandler Stephenson\stephch02,2.4748063
518,Chris Kreider\kreidch01,2.4792058
122,Pavel Buchnevich\buchnpa01,2.4873283
423,Mike Hoffman\hoffmmi02,2.4934323
962,James van Riemsdyk\vanrija01,2.4934366
967,Frank Vatrano\vatrafr01,2.4982383
475,Nazem Kadri\kadrina01,2.4990654
656,J.T. Miller\millejt01,2.499294
347,Yanni Gourde\gourdya01,2.5036635
49,Mathew Barzal\barzama01,2.5141895
688,Nino Niederreiter\niedeni01,2.5206985
487,William Karlsson\karlswi01,2.5252304
969,Carter Verhaeghe\verhaca01,2.542379
889,Jordan Staal\staaljo01,2.5643022
513,Anze Kopitar\kopitan01,2.5669062
125,Andre Burakovsky\burakan01,2.5746405
1015,Pavel Zacha\zachapa01,2.5767603
713,T.J. Oshie\oshietj01,2.6234221
982,Jakub Vrana\vranaja01,2.624201
702,William Nylander\nylanwi01,2.6334405
722,Artemi Panarin\panarar01,2.6531184
419,Roope Hintz\hintzro01,2.6629455
746,David Perron\perroda01,2.6747096
329,Johnny Gaudreau\gaudrjo01,2.68008
411,Tomas Hertl\hertlto01,2.6894166
909,Ryan Strome\stromry01,2.7260184
799,Jason Robertson\roberja01,2.752214
891,Steven Stamkos\stamkst01,2.761356
428,Bo Horvat\horvabo01,2.7774587
679,Martin Necas\necasma01,2.7879493
197,Sean Couturier\coutuse01,2.8043652
431,Jonathan Huberdeau\huberjo01,2.8076282
483,Patrick Kane\kanepa01,2.8403163
91,Brock Boeser\boesebr01,2.8407736
954,Vincent Trocheck\trochvi01,2.8816473
815,Bryan Rust\rustbr01,2.9286044
611,Jonathan Marchessault\audymjo01,2.9348395
786,Sam Reinhart\reinhsa01,2.9656653
285,Kevin Fiala\fialake01,3.0262144
577,Elias Lindholm\lindhel01,3.0935547
928,John Tavares\tavarjo01,3.123593
835,Mark Scheifele\scheima01,3.131499
482,Evander Kane\kaneev01,3.1637144
904,Mark Stone\stonema01,3.1672146
947,Brady Tkachuk\tkachbr01,3.2043009
732,David Pastrnak\pastrda01,3.2189653
715,Alex Ovechkin\ovechal01,3.2364082
763,Brayden Point\pointbr01,3.3164957
546,Gabriel Landeskog\landega01,3.3332863
365,Jake Guentzel\guentja01,3.3536
485,Kirill Kaprizov\kapriki01,3.356145
739,Joe Pavelski\paveljo01,3.4008
262,Nikolaj Ehlers\ehlerni01,3.410547
706,Ryan O'Reilly\oreilry01,3.471911
716,Max Pacioretty\pacioma01,3.5031943
615,Mitch Marner\marnemi01,3.512344
193,Kyle Connor\connoky01,3.5571382
950,Tyler Toffoli\toffoty01,3.5813527
201,Sidney Crosby\crosbsi01,3.7171788
6,Sebastian Aho\ahose01,3.7873025
73,Patrice Bergeron\bergepa01,3.810345
598,Nathan MacKinnon\mackina01,3.9163892
219,Alex DeBrincat\debrial01,3.9706705
44,Aleksander Barkov\barkoal01,4.006572
1025,Mika Zibanejad\zibanmi01,4.0726776
610,Brad Marchand\marchbr03,4.109537
776,Mikko Rantanen\rantami01,4.3259244
240,Leon Draisaitl\draisle01,4.975808
622,Auston Matthews\matthau01,5.2119126
630,Connor McDavid\mcdavco01,5.347651
