,Player,HIT2022
368,Nikita Gusev\gusevni01,16.408892
369,Nikita Gusev\gusevni01,16.824043
329,Johnny Gaudreau\gaudrjo01,17.145472
232,Christian Djoos\djoosch01,19.117695
529,Janne Kuokkanen\kuokkja01,19.122866
1007,Christian Wolanin\wolanch01,19.36848
1008,Christian Wolanin\wolanch01,19.602383
454,Marcus Johansson\johanma03,20.068094
722,Artemi Panarin\panarar01,20.16753
435,Brad Hunt\huntbr01,20.36427
711,Victor Olofsson\olofsvi01,20.400137
483,Patrick Kane\kanepa01,20.973963
886,Eric Staal\staaler01,21.431488
13,Michael Amadio\amadimi01,21.517029
128,Will Butcher\butchwi01,21.549412
887,Eric Staal\staaler01,21.670568
434,Quinn Hughes\hughequ01,21.794613
908,Dylan Strome\stromdy01,21.814913
370,Nikita Gusev\gusevni01,21.944546
501,Phil Kessel\kesseph01,22.164883
935,Robert Thomas\thomaro01,22.318771
765,Nate Prosser\prossna01,22.371967
205,Kevin Czuczman\czuczke01,22.565016
645,Jonathon Merrill\merrijo01,22.580517
1012,Keith Yandle\yandlke01,22.695992
888,Eric Staal\staaler01,22.844423
777,Victor Rask\raskvi01,22.961578
433,Jack Hughes\hugheja03,23.087437
40,Alexander Barabanov\barabal01,23.172754
691,Sami Niku\nikusa01,23.336544
759,Brandon Pirri\pirribr01,23.370249
136,Matt Calvert\calvema01,23.38103
54,Jake Bean\beanja01,23.56376
366,Carl Gunnarsson\gunnaca01,23.594471
35,Nicklas Backstrom\backsni02,23.615507
158,Jalen Chatfield\chatfja01,23.621605
48,Matt Bartkowski\bartkma01,23.64704
243,Jamie Drysdale\drysdja01,23.653389
41,Alexander Barabanov\barabal01,23.699602
997,Yannick Weber\weberya01,23.714941
374,Erik Gustafsson\gustaer02,23.75196
820,Joakim Ryan\ryanjo02,23.805716
286,Valtteri Filppula\filppva01,23.828321
851,Riley Sheahan\sheahri01,23.83206
792,Tobias Rieder\riedeto01,23.852764
322,Jake Gardiner\gardija01,23.87263
12,Michael Amadio\amadimi01,23.954023
178,Braydon Coburn\coburbr01,23.988825
325,Adam Gaudette\gaudead01,23.99501
660,Casey Mittelstadt\mitteca01,24.019716
476,Dominik Kahun\kahundo01,24.022923
516,Vitali Kravtsov\kravtvi01,24.046562
418,Vinnie Hinostroza\hinosvi01,24.062895
218,Anthony DeAngelo\deangan01,24.071663
503,Matt Kiersted\kiersma01,24.087082
473,Tomas Jurco\jurcoto01,24.10423
838,Nick Schmaltz\schmani01,24.160229
981,Jakub Voracek\voracja01,24.356634
326,Adam Gaudette\gaudead01,24.382727
444,Mattias Janmark\janmama02,24.576185
3,Kenny Agostino\agostke01,24.653276
486,Erik Karlsson\karlser01,24.65964
1028,Mats Zuccarello\zuccama01,24.701756
67,Jordie Benn\bennjo01,24.704323
856,Drew Shore\shoredr01,24.790613
477,Kaapo Kakko\kakkoka01,24.792572
495,Clayton Keller\kellecl01,24.84472
694,Stefan Noesen\noesest01,24.895914
159,Ivan Chekhovich\chekhiv01,24.916058
975,Gabriel Vilardi\vilarga01,24.928108
702,William Nylander\nylanwi01,24.934774
940,Chris Tierney\tiernch01,24.947304
310,Martin Frk\frkma01,24.968796
659,Ian Mitchell\mitchia01,24.985643
508,Slater Koekkoek\koekksl01,25.00747
787,Sheldon Rempal\rempash01,25.039537
386,Taylor Hall\hallta02,25.051796
357,Rocco Grimaldi\grimaro01,25.13306
410,Aleksi Heponiemi\heponal01,25.170725
217,Jean-Sebastien Dea\deaje01,25.27292
566,John Leonard\leonajo01,25.283783
684,Aaron Ness\nessaa01,25.334555
356,Mikhail Grigorenko\grigomi01,25.376883
316,Sam Gagner\gagnesa01,25.382324
786,Sam Reinhart\reinhsa01,25.389822
11,Mark Alt\altma01,25.393545
236,Joonas Donskoi\donskjo01,25.424839
561,Mikko Lehtonen\lehtomi03,25.451895
446,Mattias Janmark\janmama02,25.49362
1016,Filip Zadina\zadinfi01,25.511314
535,Jordan Kyrou\kyroujo01,25.525173
445,Mattias Janmark\janmama02,25.527748
866,Jeff Skinner\skinnje01,25.534979
1009,Christian Wolanin\wolanch01,25.621525
832,Luca Sbisa\sbisalu01,25.64842
93,Nick Bonino\boninni01,25.67379
534,Oliver Kylington\kylinol01,25.680555
735,Greg Pateryn\patergr01,25.757023
125,Andre Burakovsky\burakan01,25.768202
489,Ondrej Kase\kaseon01,25.810738
183,Ian Cole\coleia01,25.81763
172,Kale Clague\claguka01,25.829
871,Cole Smith\smithco02,25.851229
822,Brandon Saad\saadbr01,25.871048
171,Fredrik Claesson\claesfr01,25.930542
883,Jason Spezza\spezzja01,25.94455
66,Jordie Benn\bennjo01,25.980427
958,Kyle Turris\turriky01,26.024847
848,Yegor Sharangovich\sharaye01,26.033796
441,Alex Iafallo\iafalal01,26.080517
38,Justin Bailey\baileju01,26.086239
771,Brogan Rafferty\raffebr01,26.094213
931,Troy Terry\terrytr01,26.095806
8,Frederic Allard\allarfr01,26.127266
23,Artem Anisimov\anisiar01,26.147682
46,Tyson Barrie\barrity01,26.15209
734,Greg Pateryn\patergr01,26.170826
819,Derek Ryan\ryande01,26.247478
102,Travis Boyd\boydtr01,26.278784
488,David Kase\kaseda01,26.347792
960,Urho Vaakanainen\vaakaur01,26.355518
346,Shayne Gostisbehere\gostish01,26.380783
963,Trevor van Riemsdyk\vanritr01,26.394688
966,Sami Vatanen\vatansa01,26.474216
234,Max Domi\domima01,26.54234
861,Jakob Silfverberg\silfvja01,26.549915
239,Justin Dowling\dowliju01,26.567118
5,Jack Ahcan\ahcanja01,26.568054
839,Nate Schmidt\schmina01,26.669651
847,Michael Sgarbossa\sgarbmi01,26.674807
272,Loui Eriksson\erikslo01,26.717674
193,Kyle Connor\connoky01,26.730442
137,Kyle Capobianco\capobky01,26.755554
852,Conor Sheary\shearco01,26.805645
650,Jacob Middleton\middlja01,26.814384
354,A.J. Greer\greeraj01,26.818972
164,Dennis Cholowski\cholode01,26.826025
823,Scott Sabourin\sabousc01,26.849836
0,Vitaly Abramov\abramvi01,26.870373
42,Alexander Barabanov\barabal01,26.904823
692,Stefan Noesen\noesest01,26.933578
110,Guillaume Brisebois\brisegu01,26.949257
588,Isac Lundestrom\lundeis01,26.993752
731,Brinson Pasichnuk\pasicbr01,27.01105
65,Jordie Benn\bennjo01,27.016016
37,Josh Bailey\bailejo01,27.04702
654,Sonny Milano\milanso01,27.055851
493,Brady Keeper\keepebr01,27.09153
749,Nic Petan\petanni01,27.10114
730,Zach Parise\parisza01,27.109146
304,Cam Fowler\fowleca01,27.151339
372,Erik Gustafsson\gustaer02,27.151402
203,Josh Currie\currijo01,27.157948
358,Jordan Gross\grossjo01,27.166075
519,David Krejci\krejcda01,27.172182
941,Dmytro Timashov\timasdm01,27.181646
338,Dennis Gilbert\gilbede01,27.206696
600,Philippe Maillet\maillph01,27.231527
384,Micheal Haley\haleymi01,27.269035
394,Jansen Harkins\harkija01,27.289045
141,Lucas Carlsson\carlslu01,27.301676
114,Mathias Brome\bromema01,27.37138
973,Jimmy Vesey\veseyji02,27.383556
755,Garrett Pilon\pilonga01,27.396101
1021,Travis Zajac\zajactr01,27.403877
204,Austin Czarnik\czarnau01,27.438217
911,Jack Studnicka\studnja01,27.451063
693,Stefan Noesen\noesest01,27.461102
665,John Moore\moorejo01,27.501844
753,Matthew Phillips\phillma01,27.533434
870,C.J. Smith\smithcj01,27.559275
19,Lias Andersson\anderli01,27.567421
281,Hudson Fasching\faschhu01,27.572691
119,Logan Brown\brownlo01,27.574322
1004,Colton White\whiteco03,27.574732
422,Niklas Hjalmarsson\hjalmni01,27.608723
103,Travis Boyd\boydtr01,27.624533
567,Otto Leskinen\leskiot01,27.625023
602,Evgeni Malkin\malkiev01,27.627344
821,Drake Rymsha\rymshdr01,27.645872
10,Olle Alsing\alsinol01,27.706028
859,Jonas Siegenthaler\siegejo01,27.717463
938,Tyce Thompson\thompty01,27.756384
920,Brandon Sutter\suttebr03,27.84137
151,Jackson Cates\catesja01,27.845589
578,Hampus Lindholm\lindhha01,27.848335
909,Ryan Strome\stromry01,27.8502
309,Mark Friedman\friedma01,27.869915
689,Frans Nielsen\nielsfr01,27.874578
15,Joey Anderson\anderjo08,27.894045
952,Dominic Toninato\tonindo01,27.927593
216,Chase De Leo\deleoch01,27.950136
162,Filip Chlapik\chlapfi01,27.954714
1013,Jesse Ylönen\yloneje01,28.005909
635,Ryan McLeod\mcleory01,28.017502
1014,Cameron York\yorkca01,28.049673
455,Erik Johnson\johnser01,28.072004
27,Viktor Arvidsson\arvidvi01,28.08523
934,Ben Thomas\thomabe01,28.119825
794,Juuso Riikola\riikoju01,28.1352
736,Greg Pateryn\patergr01,28.158144
143,Daniel Carr\carrda01,28.272728
970,Kristian Vesalainen\vesalkr01,28.286186
61,Louis Belpedio\belpelo01,28.301449
312,Michael Frolik\frolimi01,28.424694
917,Maksim Sushko\sushkma01,28.453264
113,Jonny Brodzinski\brodzjo01,28.453543
624,Gerald Mayhew\mayhege01,28.493078
640,Nicolas Meloche\melocni01,28.621037
420,Taro Hirose\hirosta01,28.62305
330,Frederik Gauthier\gauthfr01,28.635439
373,Erik Gustafsson\gustaer02,28.686535
791,Brad Richardson\richabr02,28.720528
406,Ville Heinola\heinovi01,28.727385
603,Sean Malone\malonse01,28.74819
207,Evgenii Dadonov\dadonev01,28.758114
140,Gabriel Carlsson\carlsga01,28.784246
439,Ben Hutton\huttobe01,28.803106
101,Madison Bowey\boweyma01,28.824825
105,Tyler Bozak\bozakty01,28.847324
614,Patrick Marleau\marlepa01,28.86716
570,Tyler Lewington\lewinty01,28.871368
396,Scott Harrington\harrisc01,28.916891
698,Ryan Nugent-Hopkins\nugenry01,28.93967
763,Brayden Point\pointbr01,28.99689
573,Kole Lind\lindko01,29.010153
756,Brian Pinho\pinhobr01,29.027828
492,Joey Keane\keanejo01,29.040915
104,Travis Boyd\boydtr01,29.04472
82,Anders Bjork\bjorkan01,29.127079
315,Jonah Gadjovich\gadjojo01,29.139034
448,Christian Jaros\jarosch01,29.146614
2,Calen Addison\addisca01,29.255943
701,Joakim Nygard\nygarjo01,29.271591
860,Dylan Sikura\sikurdy01,29.285154
790,Justin Richards\richaju01,29.315357
770,Alexander Radulov\radulal01,29.339287
800,Nicholas Robertson\roberni01,29.342682
939,Joe Thornton\thornjo01,29.343025
95,Jesper Boqvist\boqvije01,29.35501
651,Keaton Middleton\middlke01,29.390705
166,Filip Chytil\chytifi01,29.396053
241,Sheldon Dries\driessh01,29.444641
150,Jeff Carter\carteje01,29.448246
152,Cole Caufield\caufico01,29.519495
170,Fredrik Claesson\claesfr01,29.531984
671,Brett Murray\murrabr02,29.541111
303,Liam Foudy\foudyli01,29.54316
972,Jimmy Vesey\veseyji02,29.544378
579,Par Lindholm\lindhpa01,29.551416
647,Victor Mete\metevi01,29.58374
1022,Yegor Zamula\zamulye01,29.594402
74,Lean Bergmann\bergmle01,29.600706
782,Alec Regula\regulal01,29.647196
62,Alex Belzile\belzial01,29.683744
335,Nathan Gerbe\gerbena01,29.730078
649,Marc Michaelis\michama01,29.73022
371,David Gustafsson\gustada01,29.74676
704,Drew O'Connor\oconndr01,29.783422
533,Evgeny Kuznetsov\kuzneev01,29.806402
423,Mike Hoffman\hoffmmi02,29.808647
881,Marcus Sorensen\sorenma01,29.816631
789,Tarmo Reunanen\reunata01,29.854485
840,Justin Schultz\schulju01,29.859013
280,David Farrance\farrada01,29.866013
897,Kevin Stenlund\stenlke01,29.87341
7,Sebastian Aho\ahose02,29.937805
762,Austin Poganski\poganau01,29.963102
748,Brett Pesce\pescebr01,29.97446
803,Evan Rodrigues\rodriev01,29.974915
424,Nils Hoglander\hoglani01,29.987942
206,Kirby Dach\dachki01,30.0367
930,Teuvo Teravainen\teravte01,30.094444
741,Matthew Peca\pecama01,30.099669
324,Conor Garland\garlaco01,30.113659
257,Ryan Dzingel\dzingry01,30.150547
432,Cameron Hughes\hugheca01,30.18389
4,Andrew Agozzino\agozzan01,30.22157
466,Zachary Jones\jonesza01,30.23748
470,Roman Josi\josiro01,30.23981
75,Jacob Bernard-Docker\bernaja01,30.253164
1001,Zach Werenski\werenza01,30.288975
97,Andreas Borgman\borgman01,30.345285
956,Alexander True\trueal01,30.365427
587,Matt Luff\luffma01,30.392769
532,Philipp Kurashev\kurasph01,30.407146
491,Martin Kaut\kautma01,30.429087
305,Adam Fox\foxad01,30.432537
572,Timothy Liljegren\liljeti01,30.4989
313,Morgan Frost\frostmo01,30.5332
210,Zac Dalpe\dalpeza01,30.53823
988,Daniel Walcott\walcoda01,30.583218
341,Claude Giroux\giroucl01,30.602459
643,Jonathon Merrill\merrijo01,30.621187
414,Matthew Highmore\highmma01,30.712803
327,Adam Gaudette\gaudead01,30.727095
835,Mark Scheifele\scheima01,30.735016
993,Lucas Wallmark\wallmlu01,30.739672
377,Carl Hagelin\hagelca01,30.750692
31,Cam Atkinson\atkinca01,30.810955
169,Fredrik Claesson\claesfr01,30.849306
541,William Lagesson\lageswi01,30.85443
59,Pierre-Edouard Bellemare\bellepi01,30.91266
213,Jeremy Davies\davieje01,30.921179
412,Thomas Hickey\hicketh01,31.006199
864,Dominik Simon\simondo01,31.02364
268,Ryan Ellis\ellisry01,31.040665
45,Alex Barre-Boulet\barreal01,31.046265
200,Joseph Cramarossa\cramajo01,31.065035
971,Jimmy Vesey\veseyji02,31.09159
582,William Lockwood\lockwwi01,31.13107
945,Jarred Tinordi\tinorja01,31.169115
212,Brandon Davidson\davidbr01,31.199907
405,Danton Heinen\heineda01,31.207113
1024,Trevor Zegras\zegratr01,31.442152
474,Noah Juulsen\juulsno01,31.443378
30,Andreas Athanasiou\athanan01,31.456676
894,Troy Stecher\stechtr01,31.474815
977,Marc-Edouard Vlasic\vlasima01,31.481297
795,Zac Rinaldo\rinalza01,31.48751
28,Rasmus Asplund\asplura01,31.53459
642,Dakota Mermis\mermida01,31.623253
942,Conor Timmins\timmico01,31.63793
328,Frederick Gaudreau\gaudrfr01,31.650831
463,Caleb Jones\jonesca01,31.664095
494,Duncan Keith\keithdu01,31.672413
817,Adam Ruzicka\ruzicad01,31.673315
538,Tanner Laczynski\laczyta01,31.680151
496,Joel Kellman\kellmjo01,31.74701
144,Connor Carrick\carrico01,31.762129
844,Zachary Senyshyn\senysza01,31.814167
733,Greg Pateryn\patergr01,31.814533
385,Taylor Hall\hallta02,31.818575
319,Alex Galchenyuk\galchal01,31.82969
899,Mitchell Stephens\stephmi01,31.910519
916,Antti Suomela\suomean01,31.946878
873,Gemel Smith\smithge02,31.98283
49,Mathew Barzal\barzama01,32.020634
259,Jordan Eberle\eberljo01,32.02167
342,Cody Glass\glassco01,32.035725
599,Josh Mahura\mahurjo01,32.044636
644,Jonathon Merrill\merrijo01,32.056194
858,Jonas Siegenthaler\siegejo01,32.06033
88,Joachim Blichfeld\blichjo01,32.061832
189,Kevin Connauton\connake01,32.06626
918,Pius Suter\suterpi01,32.08318
876,Ty Smith\smithty01,32.170406
965,Sami Vatanen\vatansa01,32.177563
569,Vinni Lettieri\lettivi01,32.3218
678,James Neal\nealja01,32.36422
380,Libor Hajek\hajekli01,32.372032
801,Buddy Robinson\robinbu01,32.44477
509,Mikko Koivu\koivumi01,32.478886
127,Kyle Burroughs\burroky01,32.48232
760,Rem Pitlick\pitlire01,32.498802
814,Patrick Russell\russepa01,32.53654
524,Brett Kulak\kulakbr01,32.54531
615,Mitch Marner\marnemi01,32.55248
298,Nolan Foote\footeno01,32.567905
120,Patrick Brown\brownpa02,32.588943
857,Jonas Siegenthaler\siegejo01,32.64574
999,Andy Welinski\welinan01,32.722427
751,Elias Pettersson\petteel01,32.72292
391,Noah Hanifin\hanifno01,32.75584
258,Cody Eakin\eakinco01,32.762753
360,Matt Grzelcyk\grzelma01,32.771046
725,Richard Panik\panikri01,32.771786
129,Quinton Byfield\byfiequ01,32.7989
14,Michael Amadio\amadimi01,32.830406
1000,Alexander Wennberg\wennbal01,32.90103
63,Emil Bemstrom\bemstem01,32.96148
984,Jakub Vrana\vranaja01,32.962433
177,Braydon Coburn\coburbr01,33.03301
686,Alex Newhook\newhoal01,33.049183
919,Ryan Suter\suterry01,33.1354
485,Kirill Kaprizov\kapriki01,33.14216
163,Sasha Chmelevski\chmelal01,33.20465
79,Anthony Bitetto\bitetan01,33.257984
52,Gavin Bayreuther\bayrega01,33.268696
126,Brent Burns\burnsbr01,33.33829
708,Kyle Okposo\okposky01,33.342518
285,Kevin Fiala\fialake01,33.396843
788,Dan Renouf\renouda01,33.40555
961,Juuso Valimaki\valimju01,33.41094
937,Tage Thompson\thompta01,33.419674
247,Pierre-Luc Dubois\duboipi01,33.42743
77,Alex Biega\biegaal01,33.429058
818,Bobby Ryan\ryanbo01,33.449207
91,Brock Boeser\boesebr01,33.473515
292,Steven Fogarty\fogarst01,33.47573
100,Evan Bouchard\bouchev01,33.479343
447,Calle Jarnkrok\jarnkca01,33.58132
487,William Karlsson\karlswi01,33.587326
481,Steven Kampfer\kampfst01,33.62807
176,Braydon Coburn\coburbr01,33.66992
543,Patrik Laine\lainepa01,33.687218
746,David Perron\perroda01,33.756207
933,Shea Theodore\theodsh01,33.76117
514,Klim Kostin\kostikl01,33.80674
265,Mattias Ekholm\ekholma01,33.834846
779,Jack Rathbone\rathbja01,33.845642
421,Nico Hischier\hischni01,33.954216
964,Sami Vatanen\vatansa01,33.985817
580,Gustav Lindstrom\lindsgu01,34.017494
156,Michael Chaput\chapumi01,34.102
248,Matt Duchene\duchema01,34.10552
982,Jakub Vrana\vranaja01,34.19499
21,Andy Andreoff\andrean01,34.243107
666,Trevor Moore\mooretr01,34.25974
648,Victor Mete\metevi01,34.342625
116,Connor Brown\brownco02,34.421146
517,Peyton Krebs\krebspe01,34.454308
806,Jack Roslovic\rosloja01,34.47879
199,Dylan Cozens\cozendy01,34.49409
893,Paul Stastny\stastpa01,34.551758
706,Ryan O'Reilly\oreilry01,34.57105
907,Austin Strand\stranau01,34.57789
880,Victor Soderstrom\sodervi01,34.822372
500,Tanner Kero\kerota01,34.84299
896,Oskar Steen\steenos01,34.92948
108,Jesper Bratt\brattje01,34.970615
879,Carl Soderberg\soderca01,34.998592
785,Mike Reilly\reillmi01,35.070457
94,Adam Boqvist\boqviad01,35.1318
828,Steven Santini\santist01,35.13551
690,Matthew Nieto\nietoma01,35.1474
408,Darren Helm\helmda01,35.205772
906,Anton Stralman\stralan01,35.30896
646,Victor Mete\metevi01,35.335533
56,Nicolas Beaudin\beaudni01,35.35314
636,Connor McMichael\mcmicco01,35.379436
904,Mark Stone\stonema01,35.406643
926,Vladimir Tarasenko\tarasvl01,35.433037
638,Jayson Megna\megnaja01,35.47153
350,Tyler Graovac\graovty01,35.510788
812,Arttu Ruotsalainen\ruotsar01,35.55519
596,Ryan MacInnis\macinry01,35.595642
460,Andreas Johnsson\johnsan01,35.651825
608,Anthony Mantha\manthan01,35.669266
714,Xavier Ouellet\ouellxa01,35.67268
983,Jakub Vrana\vranaja01,35.705647
263,Jack Eichel\eicheja01,35.725555
375,Gaetan Haas\haasga01,35.748684
562,Josh Leivo\leivojo01,35.801323
992,Lucas Wallmark\wallmlu01,35.812855
253,Josh Dunne\dunnejo01,35.842274
825,Rasmus Sandin\sandira01,35.871468
530,Rasmus Kupari\kuparra01,35.95029
333,Glenn Gawdin\gawdigl01,35.98978
549,Jacob Larsson\larssja01,36.044983
290,Haydn Fleury\fleurha01,36.055935
677,Riley Nash\nashri02,36.060177
609,Anthony Mantha\manthan01,36.07234
111,T.J. Brodie\broditj01,36.13258
780,Kyle Rau\rauky01,36.144295
352,Andy Greene\greenan01,36.24453
910,Marian Studenic\studema01,36.2524
672,Ryan Murray\murrary01,36.310516
989,Nathan Walker\walkena01,36.3283
905,Michael Stone\stonemi01,36.338474
633,Greg McKegg\mckeggr01,36.34636
364,Erik Gudbranson\gudbrer01,36.350124
914,P.K. Subban\subbapk01,36.356693
527,Dmitry Kulikov\kulikdm01,36.420208
83,Oliver Bjorkstrand\bjorkol01,36.43585
994,Jake Walman\walmaja01,36.456802
824,Mattias Samuelsson\samuema02,36.48112
925,Chris Tanev\tanevch01,36.48451
513,Anze Kopitar\kopitan01,36.518738
499,Alexander Kerfoot\kerfoal01,36.541256
1010,Miles Wood\woodmi01,36.578693
55,Ethan Bear\bearet01,36.597916
628,Michael McCarron\mccarmi01,36.60168
542,Patrik Laine\lainepa01,36.708298
149,Jeff Carter\carteje01,36.75029
923,Evgeny Svechnikov\svechev01,36.759216
336,Timothy Gettinger\gettiti01,36.812824
962,James van Riemsdyk\vanrija01,36.821835
680,Brock Nelson\nelsobr01,36.82313
597,Connor Mackey\mackeco01,36.89972
979,Alexander Volkov\volkoal01,36.94707
641,Nicholas Merkley\merklni01,37.005985
604,Mikhail Maltsev\maltsmi01,37.112877
991,Lucas Wallmark\wallmlu01,37.136005
475,Nazem Kadri\kadrina01,37.184937
112,Jonas Brodin\brodijo01,37.20593
53,Jay Beagle\beaglja01,37.262604
308,Mark Friedman\friedma01,37.27102
903,Riley Stillman\stillri01,37.342434
850,Andrew Shaw\shawan01,37.35231
267,Lars Eller\ellerla01,37.378998
898,Derek Stepan\stepade01,37.380386
161,Alex Chiasson\chiasal01,37.396748
560,Mikko Lehtonen\lehtomi03,37.43487
438,Ben Hutton\huttobe01,37.464016
340,Samuel Girard\girarsa01,37.64054
974,Jeffrey Viel\vielje01,37.65714
559,Mikko Lehtonen\lehtomi03,37.70854
842,Tyler Seguin\seguity01,37.7126
540,Alexis Lafreniere\lafreal01,37.748405
307,Mark Friedman\friedma01,37.7744
197,Sean Couturier\coutuse01,37.938442
799,Jason Robertson\roberja01,37.988773
252,Vince Dunn\dunnvi02,38.047184
472,Olli Juolevi\juoleol01,38.062275
959,Carsen Twarynski\twaryca01,38.101143
737,Nolan Patrick\patrino01,38.173615
443,Mark Jankowski\jankoma01,38.17439
827,Travis Sanheim\sanhetr01,38.235817
242,Jonathan Drouin\drouijo01,38.260952
311,Byron Froese\froesby01,38.319046
574,Oskar Lindblom\lindbos01,38.35346
685,Nikita Nesterov\nesteni01,38.35787
968,Joseph Veleno\velenjo01,38.35788
121,Jacob Bryson\brysoja01,38.42624
884,Daniel Sprong\spronda01,38.468563
506,John Klingberg\klingjo01,38.559803
425,Nick Holden\holdeni01,38.61499
191,Brett Connolly\connobr01,38.64671
980,Alexander Volkov\volkoal01,38.67966
334,Morgan Geekie\geekimo01,38.79352
1026,Radim Zohorna\zohorra01,38.827454
179,Dylan Coghlan\coghldy01,38.853924
84,Tobias Bjornfot\bjornto01,38.885014
479,Wyatt Kalynuk\kalynwy01,39.035732
390,Fredrik Händemark\handefr01,39.09043
523,Dean Kukan\kukande01,39.109295
271,Mackenzie Entwistle\entwima01,39.161293
387,Taylor Hall\hallta02,39.273777
757,Shane Pinto\pintosh01,39.285805
220,Jake DeBrusk\debruja01,39.34717
192,Brett Connolly\connobr01,39.361916
80,Anders Bjork\bjorkan01,39.3636
148,Jeff Carter\carteje01,39.46432
365,Jake Guentzel\guentja01,39.467953
187,J.T. Compher\comphj.01,39.4814
591,Olli Maatta\maattol01,39.48986
480,David Kampf\kampfda01,39.567257
135,Drake Caggiula\caggidr01,39.596954
182,Ian Cole\coleia01,39.60152
456,Jack Johnson\johnsja02,39.60272
816,Jan Rutta\ruttaja02,39.775997
72,Simon Benoit\benoisi01,39.813263
81,Anders Bjork\bjorkan01,39.81391
36,Kevin Bahl\bahlke01,39.81846
227,Travis Dermott\dermotr01,39.866325
296,Nick Foligno\foligni01,39.87687
581,Blake Lizotte\lizotbl01,39.90778
774,Michael Raffl\rafflmi01,39.943745
146,Alexandre Carrier\carrial01,40.01565
215,Jacob de La Rose\delarja01,40.020557
536,Joel L'Esperance\lespejo01,40.070126
776,Mikko Rantanen\rantami01,40.294163
226,Grigori Denisenko\denisgr01,40.348267
522,Karson Kuhlman\kuhlmka01,40.435093
498,Adrian Kempe\kempead01,40.444218
106,Erik Brannstrom\branner01,40.485878
626,Jake McCabe\mccabja01,40.507854
415,Matthew Highmore\highmma01,40.5396
721,Kyle Palmieri\palmiky01,40.59114
854,Kole Sherwood\sherwko01,40.62197
663,Brandon Montour\montobr01,40.711403
277,Dante Fabbro\fabbrda01,40.730217
468,Pierre-Olivier Joseph\joseppi01,40.760094
34,Mikael Backlund\backlmi01,40.789574
409,Adam Henrique\henriad01,40.836567
249,Anthony Duclair\duclaan01,40.862423
929,Matt Tennyson\tennyma01,40.90796
403,Barrett Hayton\haytoba01,40.911488
990,Sean Walker\walkese01,40.99447
437,Ben Hutton\huttobe01,41.0172
607,Anthony Mantha\manthan01,41.071426
683,Patrik Nemeth\nemetpa01,41.169037
1015,Pavel Zacha\zachapa01,41.3845
209,Michael Dal Colle\dalcomi01,41.47765
478,Arthur Kaliyev\kaliyar01,41.48711
264,Aaron Ekblad\ekblaaa01,41.519592
302,Gustav Forsling\forslgu02,41.542553
89,Anton Blidh\blidhan01,41.629047
76,Tyler Bertuzzi\bertuty01,41.670696
181,Ian Cole\coleia01,41.73941
664,Brandon Montour\montobr01,41.836506
716,Max Pacioretty\pacioma01,41.845974
262,Nikolaj Ehlers\ehlerni01,41.885216
256,Ryan Dzingel\dzingry01,41.964233
700,Markus Nutivaara\nutivma01,42.005924
813,Kris Russell\russekr01,42.053715
754,Alex Pietrangelo\pietral01,42.094883
544,Patrik Laine\lainepa01,42.25292
201,Sidney Crosby\crosbsi01,42.29974
450,Jan Jenik\jenikja01,42.410427
458,Reese Johnson\johnsre01,42.54675
413,Matthew Highmore\highmma01,42.57936
875,Reilly Smith\smithre01,42.646275
547,Dylan Larkin\larkidy01,42.700146
729,Colton Parayko\parayco01,42.747375
720,Kyle Palmieri\palmiky01,42.74772
874,Givani Smith\smithgi01,42.793423
44,Aleksander Barkov\barkoal01,42.828136
392,Joel Hanley\hanlejo01,42.87387
747,Corey Perry\perryco01,42.879467
629,Max McCormick\mccorma01,42.92226
78,Clark Bishop\bishocl01,42.963066
318,Alex Galchenyuk\galchal01,43.013435
33,David Backes\backeda01,43.03815
769,Mark Pysyk\pysykma01,43.05104
115,Adam Brooks\brookad01,43.10305
732,David Pastrnak\pastrda01,43.128345
139,John Carlson\carlsjo01,43.16219
841,Jaden Schwartz\schwaja01,43.23471
811,Chad Ruhwedel\ruhwech01,43.24569
300,Alex Formenton\formeal01,43.507965
255,Ryan Dzingel\dzingry01,43.757393
831,David Savard\savarda01,43.774998
233,Noah Dobson\dobsono01,43.80642
453,Ryan Johansen\johanry01,43.935574
978,Alexander Volkov\volkoal01,44.010475
868,Jaccob Slavin\slavija01,44.152184
47,Morgan Barron\barromo01,44.18646
1020,Travis Zajac\zajactr01,44.195408
703,Liam O'Brien\obrieli01,44.312603
20,Rasmus Andersson\anderra01,44.31634
469,Dakota Joshua\joshuda01,44.322716
740,Tanner Pearson\pearsta01,44.36235
57,Nathan Beaulieu\beaulna01,44.382668
484,Kasperi Kapanen\kapanka01,44.419918
885,Jared Spurgeon\spurgja01,44.43549
221,Danny DeKeyser\dekeyda01,44.438797
123,Connor Bunnaman\bunnaco01,44.45127
895,Sam Steel\steelsa01,44.507374
932,Alexandre Texier\texieal01,44.5467
235,Ryan Donato\donatry01,44.583923
195,Nick Cousins\cousini01,44.639496
890,Marc Staal\staalma01,44.66524
96,William Borgen\borgewi01,44.66574
411,Tomas Hertl\hertlto01,44.75166
407,Miro Heiskanen\heiskmi01,44.790424
462,Henri Jokiharju\jokihhe01,44.83153
348,Mikael Granlund\granlmi01,44.97969
404,Victor Hedman\hedmavi01,45.00272
1019,Travis Zajac\zajactr01,45.032043
613,John Marino\marinjo01,45.03389
457,Luke Johnson\johnslu01,45.096935
86,Colin Blackwell\blackco01,45.235657
416,Vinnie Hinostroza\hinosvi01,45.249134
431,Jonathan Huberdeau\huberjo01,45.387253
843,Andrej Sekera\sekeran01,45.446266
605,Andrew Mangiapane\mangian01,45.787407
707,Jordan Oesterle\oestejo01,45.975006
556,Nick Leddy\leddyni01,46.062977
9,Wade Allison\alliswa01,46.34692
705,Logan O'Connor\oconnlo01,46.452553
621,Stefan Matteau\mattest02,46.519676
661,Sean Monahan\monahse01,46.69372
279,Joel Farabee\farabjo01,46.862453
849,Kevin Shattenkirk\shattke01,46.86298
584,Steven Lorentz\lorenst01,47.05929
632,Brock McGinn\mcginbr01,47.08579
913,Tim Stützle\stuetti02,47.133766
317,Alex Galchenyuk\galchal01,47.192913
269,Pierre Engvall\engvapi01,47.21952
58,Anthony Beauvillier\beauvan01,47.24142
620,Mike Matheson\mathemi01,47.26203
521,Dominik Kubalík\kubaldo01,47.31937
276,Robby Fabbri\fabbrro01,47.341354
270,Tyler Ennis\ennisty01,47.39222
846,Damon Severson\severda01,47.40197
728,Cedric Paquette\paquece01,47.57387
301,Filip Forsberg\forsbfi01,47.58714
6,Sebastian Aho\ahose01,47.7103
289,Haydn Fleury\fleurha01,47.71184
400,Jayce Hawryluk\hawryja01,47.715286
593,Jacob MacDonald\macdoja02,47.83764
652,Ilya Mikheyev\mikheil01,47.93058
1002,Blake Wheeler\wheelbl01,47.931156
667,Samuel Morin\morinsa01,47.9681
395,Ben Harpur\harpube01,47.978123
124,Michael Bunting\buntimi01,47.98814
969,Carter Verhaeghe\verhaca01,48.03157
240,Leon Draisaitl\draisle01,48.054684
190,Brett Connolly\connobr01,48.078728
339,Mark Giordano\giordma01,48.169758
545,Juho Lammikko\lammiju01,48.193302
891,Steven Stamkos\stamkst01,48.230427
417,Vinnie Hinostroza\hinosvi01,48.292374
878,Carl Soderberg\soderca01,48.42806
254,Christian Dvorak\dvorach01,48.4671
537,Kevin Labanc\labanke01,48.545223
611,Jonathan Marchessault\audymjo01,48.582466
1011,Kailer Yamamoto\yamamka01,48.753952
743,Andrew Peeke\peekean01,48.807827
71,Matt Benning\bennima01,48.830288
773,Michael Raffl\rafflmi01,48.88436
520,Torey Krug\krugto01,48.88937
504,Alex Killorn\killoal01,48.90926
122,Pavel Buchnevich\buchnpa01,48.930115
452,Nick Jensen\jenseni02,49.033806
653,Niko Mikkola\mikkoni01,49.038486
592,Kurtis MacDermid\macdeku01,49.09571
471,Tyson Jost\jostty01,49.17921
130,Bowen Byram\byrambo01,49.335575
512,Travis Konecny\konectr01,49.41131
594,Mackenzie MacEachern\maceama01,49.660793
724,Richard Panik\panikri01,49.781673
145,Sam Carrick\carrisa01,49.836334
138,Brandon Carlo\carlobr01,49.908157
598,Nathan MacKinnon\mackina01,49.91074
555,Curtis Lazar\lazarcu01,50.15224
618,Alec Martinez\martial01,50.54686
185,Ross Colton\coltoro01,50.576447
85,Nick Bjugstad\bjugsni01,50.581177
912,Nico Sturm\sturmni01,50.622177
355,Noah Gregor\gregono01,50.641712
297,Callan Foote\footeca01,50.680744
627,Jared McCann\mccanja01,50.868282
928,John Tavares\tavarjo01,50.89959
808,Carter Rowney\rowneca01,50.96406
497,Parker Kelly\kellypa01,51.006622
589,Eetu Luostarinen\luostee01,51.025673
376,Brandon Hagel\hagelbr01,51.07934
505,Joel Kiviranta\kivirjo01,51.08101
810,Nicolas Roy\royni01,51.216984
752,Marcus Pettersson\pettema01,51.491352
900,Chandler Stephenson\stephch02,51.515232
679,Martin Necas\necasma01,51.659134
347,Yanni Gourde\gourdya01,51.85382
775,Rickard Rakell\rakelri01,51.85777
389,Travis Hamonic\hamontr01,52.038303
784,Mike Reilly\reillmi01,52.078106
936,Nate Thompson\thompna01,52.08507
198,Charlie Coyle\coylech01,52.146984
944,Jarred Tinordi\tinorja01,52.30428
196,Logan Couture\coutulo01,52.331226
402,Kevin Hayes\hayeske01,52.466537
459,Tyler Johnson\johnsty01,52.707935
927,Tomas Tatar\tatarto01,52.992584
397,Ryan Hartman\hartmry01,53.016388
43,Ivan Barbashev\barbaiv01,53.11552
853,Kiefer Sherwood\sherwki01,53.13487
601,Cale Makar\makarca01,53.56487
577,Elias Lindholm\lindhel01,53.64739
132,Nicholas Caamano\caamani01,53.652683
134,Drake Caggiula\caggidr01,53.664066
719,Kyle Palmieri\palmiky01,53.670902
430,Filip Hronek\hronefi01,53.956177
442,Matt Irwin\irwinma01,53.96496
834,Colton Sceviour\scevico01,54.01379
742,Lane Pederson\pederla01,54.242973
902,Riley Stillman\stillri01,54.307774
949,Devon Toews\toewsde01,54.429214
288,Haydn Fleury\fleurha01,54.51305
323,Rhett Gardner\gardnrh01,54.527447
557,Anders Lee\leean01,54.549088
332,Vladislav Gavrikov\gavrivl01,54.618744
957,Alex Tuch\tuchal01,54.689564
367,Denis Gurianov\guriade01,54.83234
766,Ivan Provorov\provoiv01,54.96915
429,Brett Howden\howdebr01,55.35273
662,Brandon Montour\montobr01,55.40664
291,Warren Foegele\foegewa01,55.52718
675,Tyler Myers\myersty01,55.586277
461,Ross Johnston\johnsro02,55.714264
915,Oskar Sundqvist\sundqos01,55.859226
793,Morgan Rielly\riellmo01,55.94729
244,Dillon Dube\dubedi01,55.956573
337,Ryan Getzlaf\getzlry01,55.96011
60,Kieffer Bellows\belloki01,56.02531
24,Mason Appleton\applema01,56.247227
697,Tomas Nosek\nosekto01,56.30669
1003,Colin White\whiteco02,56.46011
723,Richard Panik\panikri01,56.92842
815,Bryan Rust\rustbr01,56.981194
565,Brendan Lemieux\lemiebr01,56.98943
320,Brendan Gallagher\gallabr01,57.30759
419,Roope Hintz\hintzro01,57.3766
245,Pierre-Luc Dubois\duboipi01,57.507507
173,Kyle Clifford\cliffky01,57.534943
18,Jaret Anderson-Dolan\anderja01,57.67946
90,Teddy Blueger\bluegte01,57.72894
877,Carl Soderberg\soderca01,57.877712
946,Owen Tippett\tippeow01,57.941036
98,Mark Borowiecki\borowma01,57.9752
73,Patrice Bergeron\bergepa01,58.20069
388,Dougie Hamilton\hamildo01,58.214203
70,Sam Bennett\bennesa01,58.327637
826,Zach Sanford\sanfoza01,58.56494
246,Pierre-Luc Dubois\duboipi01,58.58028
266,Oliver Ekman-Larsson\ekmanol01,58.604183
687,Valeri Nichushkin\nichuva01,58.745403
943,Jarred Tinordi\tinorja01,58.787632
331,Julien Gauthier\gauthju01,59.2514
133,Drake Caggiula\caggidr01,59.335102
630,Connor McDavid\mcdavco01,59.348244
833,Marco Scandella\scandma01,59.51211
314,Kurtis Gabriel\gabriku01,59.54081
616,Pat Maroon\maroopa01,59.569664
571,Trevor Lewis\lewistr01,59.6861
809,Matt Roy\royma04,59.75815
399,Erik Haula\haulaer01,59.78017
383,Jani Hakanpaa\hakanja01,59.858547
1023,Jakub Zboril\zborija01,59.93549
223,Ty Dellandrea\dellaty01,60.00787
225,Jason Demers\demerja01,60.16235
892,Logan Stanley\stanllo01,60.239307
676,Vladislav Namestnikov\namesvl01,60.308628
22,Anthony Angello\angelan01,60.661175
180,Andrew Cogliano\coglian01,60.673912
194,Andrew Copp\coppan01,60.80015
393,Mike Hardman\hardmmi01,60.85451
713,T.J. Oshie\oshietj01,60.88011
155,Thomas Chabot\chaboth01,60.901157
987,Oliver Wahlstrom\wahlsol01,60.956814
772,Michael Raffl\rafflmi01,61.256313
343,Luke Glendening\glendlu01,61.363255
1029,Jason Zucker\zuckeja01,61.43073
674,Philippe Myers\myersph01,61.47096
306,Trent Frederic\fredetr01,61.619553
167,Anthony Cirelli\cirelan01,61.706116
996,Shea Weber\webersh01,61.712
349,Derek Grant\grantde01,61.802917
344,Alex Goligoski\goligal01,61.87188
783,Mike Reilly\reillmi01,61.9192
807,Antoine Roussel\roussan01,62.01524
92,Zach Bogosian\bogosza01,62.05612
682,Patrik Nemeth\nemetpa01,62.18899
863,Wayne Simmonds\simmowa01,62.251648
165,Jakob Chychrun\chychja01,62.3175
17,Michael Anderson\andermi02,62.604088
739,Joe Pavelski\paveljo01,62.63329
107,Derick Brassard\brassde01,62.722946
658,Kevan Miller\milleke03,62.791763
845,Mikhail Sergachev\sergami01,63.011242
428,Bo Horvat\horvabo01,63.22498
109,Justin Braun\braunju01,63.38824
901,Riley Stillman\stillri01,63.403706
967,Frank Vatrano\vatrafr01,63.542778
764,Tucker Poolman\poolmtu01,63.59433
872,Craig Smith\smithcr01,63.77072
639,Timo Meier\meierti01,64.17364
606,Josh Manson\mansojo01,64.285034
550,Johan Larsson\larssjo02,64.31272
688,Nino Niederreiter\niedeni01,64.495255
526,Dmitry Kulikov\kulikdm01,64.64297
282,Jesper Fast\fastje01,64.68629
610,Brad Marchand\marchbr03,64.73142
251,Brian Dumoulin\dumoubr01,64.843666
554,Curtis Lazar\lazarcu01,65.06417
921,Nick Suzuki\suzukni01,65.23434
862,Radim Simek\simekra01,65.44502
867,Brady Skjei\skjeibr01,65.603294
718,Ondrej Palat\palaton01,65.76613
882,Carson Soucy\soucyca01,65.92394
321,Dylan Gambrell\gambrdy01,66.01393
696,Joshua Norris\norrijo01,66.216064
744,Adam Pelech\pelecad01,66.32829
595,Zack MacEwen\macewza01,66.668686
745,Mathieu Perreault\perrema01,67.108795
631,Ryan McDonagh\mcdonry01,67.125336
986,Chris Wagner\wagnech01,67.16347
865,Colton Sissons\sissoco01,67.176155
160,Ben Chiarot\chiarbe01,67.626305
490,Zack Kassian\kassiza01,67.6547
738,Nick Paul\paulni01,67.68254
219,Alex DeBrincat\debrial01,67.7556
230,Jason Dickinson\dickija01,68.36902
564,Brendan Lemieux\lemiebr01,68.66675
224,Dylan DeMelo\demeldy01,68.87757
157,Zdeno Chara\charazd01,68.90289
507,Nikolai Knyzhov\knyzhni01,68.99261
153,Cody Ceci\cecico01,69.00287
260,Alexander Edler\edleral01,69.22496
250,Mathew Dumba\dumbama01,69.2281
142,Ryan Carpenter\carpery01,69.2481
623,Scott Mayfield\mayfisc01,69.45258
449,Tanner Jeannot\jeannta01,69.743546
64,Jamie Benn\bennja01,69.75864
668,Josh Morrissey\morrijo04,69.93609
299,Derek Forbort\forbode01,70.41018
778,Michael Rasmussen\rasmumi01,70.43822
622,Auston Matthews\matthau01,70.46092
118,Josh Brown\brownjo01,70.46957
211,Phillip Danault\danauph01,70.57991
855,Devin Shore\shorede01,70.93528
467,Mathieu Joseph\josepma01,71.02341
710,Mathieu Olivier\olivima01,71.04015
208,Rasmus Dahlin\dahlira01,71.11472
440,Zach Hyman\hymanza01,71.27306
625,Charlie McAvoy\mcavoch01,71.61236
39,Rudolfs Balcers\balceru01,71.632965
69,Sam Bennett\bennesa01,71.63311
427,Patric Hornqvist\hornqpa01,71.67188
950,Tyler Toffoli\toffoty01,71.67263
612,Mason Marchment\marchma01,72.2442
451,Boone Jenner\jennebo01,72.389145
117,Dustin Brown\browndu01,72.50653
655,Colin Miller\milleco02,72.800575
515,Jesperi Kotkaniemi\kotkaje01,73.26136
951,Eeli Tolvanen\tolvaee01,73.65674
237,Drew Doughty\doughdr01,73.75258
426,Justin Holl\hollju01,73.96578
1025,Mika Zibanejad\zibanmi01,74.56284
99,Robert Bortuzzo\borturo01,74.767685
275,Jake Evans\evansja02,75.22395
353,Jordan Greenway\greenjo02,75.22733
761,Tyler Pitlick\pitlity01,75.51615
511,Leo Komarov\komarle01,75.55506
229,Phillip Di Giuseppe\digiuph01,75.574196
274,Adam Erne\ernead01,76.36672
558,Artturi Lehkonen\lehkoar01,76.74138
869,Brendan Smith\smithbr05,76.75131
681,Patrik Nemeth\nemetpa01,76.94891
656,J.T. Miller\millejt01,77.14262
525,Dmitry Kulikov\kulikdm01,77.20525
830,David Savard\savarda01,77.51416
695,Joakim Nordstrom\nordsjo02,77.543785
634,Michael McLeod\mcleomi01,77.88137
619,Jordan Martinook\martijo01,78.62136
351,Ryan Graves\gravery01,78.81462
1005,Zach Whitecloud\whiteza01,78.951836
546,Gabriel Landeskog\landega01,78.99258
214,Calvin de Haan\dehaaca01,79.21596
802,Eric Robinson\robiner01,80.15978
568,Kris Letang\letankr01,80.24115
363,Erik Gudbranson\gudbrer01,80.36826
712,Dmitry Orlov\orlovdm01,80.697914
186,Blake Comeau\comeabl01,80.79419
976,Jake Virtanen\virtaja01,80.86682
26,Joel Armia\armiajo01,81.14287
539,Sam Lafferty\laffesa01,81.25296
528,Luke Kunin\kuninlu01,81.26271
1027,Artem Zub\zubar01,81.33014
985,Austin Wagner\wagneau01,81.82554
401,John Hayden\haydejo01,82.099
715,Alex Ovechkin\ovechal01,82.15864
188,Max Comtois\comtoma01,82.364044
750,Jeff Petry\petryje01,82.72358
553,Curtis Lazar\lazarcu01,83.3305
278,Radek Faksa\faksara01,83.37055
1,Noel Acciari\acciano01,83.518135
798,Nick Ritchie\ritchni01,83.642395
531,Sean Kuraly\kuralse01,84.00563
583,Ryan Lomberg\lombery01,84.17673
465,Seth Jones\jonesse01,84.28295
953,Yakov Trenin\treniya01,84.58481
767,Jesse Puljujarvi\puljuje01,85.280876
590,Ilya Lyubushkin\lyubuil01,85.4653
482,Evander Kane\kaneev01,86.14138
657,K'Andre Miller\milleka01,86.34001
51,Drake Batherson\bathedr01,86.94733
359,Carl Grundstrom\grundca01,87.389534
436,Dryden Hunt\huntdr01,87.52155
29,Zach Aston-Reese\astonza01,87.60954
464,Max Jones\jonesma03,88.28183
797,Brett Ritchie\ritchbr01,88.37106
995,Austin Watson\watsoau01,89.34102
837,Luke Schenn\schenlu01,89.426895
378,Robert Hagg\haggro01,89.73724
637,Brayden McNabb\mcnabbr01,89.81927
379,Nicolas Hague\hagueni01,89.85156
1018,Nikita Zaitsev\zaitsni01,89.874115
768,Ryan Pulock\pulocry01,91.80384
670,Connor Murphy\murphco02,92.40192
168,Casey Cizikas\cizikca01,92.77353
362,Erik Gudbranson\gudbrer01,92.775475
295,Nick Foligno\foligni01,93.23299
510,Keegan Kolesar\koleske01,93.327736
154,Erik Cernak\cernaer01,93.613525
238,Nic Dowd\dowdni01,93.61724
576,Ryan Lindgren\lindgry01,93.80596
261,Joel Edmundson\edmunjo01,93.8548
673,Jake Muzzin\muzzija01,94.1793
552,Jeremy Lauzon\lauzoje01,94.22385
563,Brendan Lemieux\lemiebr01,94.79494
727,Cedric Paquette\paquece01,94.92848
954,Vincent Trocheck\trochvi01,95.31935
184,Blake Coleman\colembl01,95.81875
273,Joel Eriksson Ek\eriksjo02,96.723366
68,Sam Bennett\bennesa01,97.35274
87,Sammy Blais\blaissa01,97.50461
131,Paul Byron\byronpa01,97.546
805,Kevin Rooney\rooneke01,97.67875
669,Tyler Motte\mottety01,97.975784
1006,Tom Wilson\wilsoto01,98.41267
922,Andrei Svechnikov\svechan01,98.645004
345,Barclay Goodrow\goodrba01,98.9311
174,Connor Clifton\cliftco01,99.991066
836,Brayden Schenn\schenbr01,100.002205
518,Chris Kreider\kreidch01,100.2877
32,Nicolas Aube-Kubel\aubekni01,100.50217
829,David Savard\savarda01,100.517944
717,Jean-Gabriel Pageau\pageaje01,100.94509
955,Jacob Trouba\troubja01,101.85256
575,Esa Lindell\lindees01,103.18195
293,Marcus Foligno\foligma01,103.58438
222,Michael Del Zotto\delzomi01,103.816124
147,William Carrier\carriwi01,105.702614
586,Milan Lucic\lucicmi01,106.84732
726,Cedric Paquette\paquece01,109.1041
294,Nick Foligno\foligni01,109.78557
228,Nicolas Deslauriers\deslani01,110.417625
998,MacKenzie Weegar\weegama01,111.727806
283,Justin Faulk\faulkju01,111.845985
948,Matthew Tkachuk\tkachma01,112.05431
889,Jordan Staal\staaljo01,114.2839
758,Neal Pionk\pionkne01,114.51823
804,Alexander Romanov\romanal01,114.83106
781,Ryan Reaves\reavery01,115.30365
50,Nathan Bastian\bastina01,115.50364
287,Christian Fischer\fischch01,115.60041
699,Darnell Nurse\nurseda01,116.28468
16,Josh Anderson\anderjo05,116.60045
231,Brenden Dillon\dillobr01,119.77283
709,Jamie Oleksiak\oleksja01,121.867165
551,Scott Laughton\laughsc01,123.08051
284,Mario Ferraro\ferrama01,123.4899
924,Brandon Tanev\tanevbr01,125.278725
202,Lawson Crouse\crousla01,125.71463
502,Jujhar Khaira\khairju01,129.41794
585,Adam Lowry\lowryad01,134.11575
382,Jani Hakanpaa\hakanja01,139.14279
617,Matt Martin\martima02,140.52144
548,Adam Larsson\larssad01,142.81189
175,Cal Clutterbuck\cluttca01,143.5071
398,Garnet Hathaway\hathaga01,144.77155
1017,Nikita Zadorov\zadorni01,152.1821
25,Josh Archibald\archijo01,153.74399
796,Rasmus Ristolainen\ristora01,156.34099
381,Jani Hakanpaa\hakanja01,171.17847
361,Radko Gudas\gudasra01,198.04317
947,Brady Tkachuk\tkachbr01,212.76389
