,Player,PIM2022
497,Parker Kelly\kellypa01,5.415208
888,Eric Staal\staaler01,6.1014047
689,Frans Nielsen\nielsfr01,6.115726
102,Travis Boyd\boydtr01,6.261669
454,Marcus Johansson\johanma03,6.735602
920,Brandon Sutter\suttebr03,6.957505
104,Travis Boyd\boydtr01,6.9587812
792,Tobias Rieder\riedeto01,7.3855968
31,Cam Atkinson\atkinca01,7.7928457
596,Ryan MacInnis\macinry01,7.798207
207,Evgenii Dadonov\dadonev01,7.832123
1021,Travis Zajac\zajactr01,7.9749846
508,Slater Koekkoek\koekksl01,8.017953
13,Michael Amadio\amadimi01,8.120184
476,Dominik Kahun\kahundo01,8.17798
831,David Savard\savarda01,8.190686
312,Michael Frolik\frolimi01,8.249481
635,Ryan McLeod\mcleory01,8.257261
649,Marc Michaelis\michama01,8.44014
405,Danton Heinen\heineda01,8.445788
272,Loui Eriksson\erikslo01,8.475939
614,Patrick Marleau\marlepa01,8.501431
478,Arthur Kaliyev\kaliyar01,8.653172
95,Jesper Boqvist\boqvije01,8.748579
808,Carter Rowney\rowneca01,8.758223
936,Nate Thompson\thompna01,8.7693615
911,Jack Studnicka\studnja01,8.813134
204,Austin Czarnik\czarnau01,8.936193
690,Matthew Nieto\nietoma01,9.000563
993,Lucas Wallmark\wallmlu01,9.116284
62,Alex Belzile\belzial01,9.131913
368,Nikita Gusev\gusevni01,9.215504
12,Michael Amadio\amadimi01,9.243632
864,Dominik Simon\simondo01,9.245451
963,Trevor van Riemsdyk\vanritr01,9.281058
369,Nikita Gusev\gusevni01,9.302489
916,Antti Suomela\suomean01,9.343575
357,Rocco Grimaldi\grimaro01,9.410569
579,Par Lindholm\lindhpa01,9.47619
899,Mitchell Stephens\stephmi01,9.63662
373,Erik Gustafsson\gustaer02,9.664062
765,Nate Prosser\prossna01,9.667991
450,Jan Jenik\jenikja01,9.675104
472,Olli Juolevi\juoleol01,9.72167
1016,Filip Zadina\zadinfi01,9.762038
554,Curtis Lazar\lazarcu01,9.794006
677,Riley Nash\nashri02,9.8314295
372,Erik Gustafsson\gustaer02,9.833777
28,Rasmus Asplund\asplura01,9.876395
777,Victor Rask\raskvi01,9.982963
756,Brian Pinho\pinhobr01,10.005163
463,Caleb Jones\jonesca01,10.021746
708,Kyle Okposo\okposky01,10.047102
834,Colton Sceviour\scevico01,10.092764
764,Tucker Poolman\poolmtu01,10.139718
418,Vinnie Hinostroza\hinosvi01,10.167915
645,Jonathon Merrill\merrijo01,10.219904
638,Jayson Megna\megnaja01,10.223266
4,Andrew Agozzino\agozzan01,10.241179
855,Devin Shore\shorede01,10.25747
392,Joel Hanley\hanlejo01,10.282147
128,Will Butcher\butchwi01,10.283906
600,Philippe Maillet\maillph01,10.3232
522,Karson Kuhlman\kuhlmka01,10.381008
973,Jimmy Vesey\veseyji02,10.449459
356,Mikhail Grigorenko\grigomi01,10.451264
569,Vinni Lettieri\lettivi01,10.455404
210,Zac Dalpe\dalpeza01,10.465019
333,Glenn Gawdin\gawdigl01,10.506625
352,Andy Greene\greenan01,10.528208
420,Taro Hirose\hirosta01,10.559089
843,Andrej Sekera\sekeran01,10.574029
123,Connor Bunnaman\bunnaco01,10.584358
120,Patrick Brown\brownpa02,10.591047
243,Jamie Drysdale\drysdja01,10.608411
853,Kiefer Sherwood\sherwki01,10.6311245
801,Buddy Robinson\robinbu01,10.635497
151,Jackson Cates\catesja01,10.705387
441,Alex Iafallo\iafalal01,10.805148
421,Nico Hischier\hischni01,10.829976
980,Alexander Volkov\volkoal01,10.842555
500,Tanner Kero\kerota01,10.848354
730,Zach Parise\parisza01,10.860743
926,Vladimir Tarasenko\tarasvl01,10.917595
394,Jansen Harkins\harkija01,10.932674
538,Tanner Laczynski\laczyta01,10.94812
978,Alexander Volkov\volkoal01,10.949059
289,Haydn Fleury\fleurha01,10.950208
977,Marc-Edouard Vlasic\vlasima01,10.956054
566,John Leonard\leonajo01,10.977027
791,Brad Richardson\richabr02,11.047259
879,Carl Soderberg\soderca01,11.100755
970,Kristian Vesalainen\vesalkr01,11.113173
813,Kris Russell\russekr01,11.1203
929,Matt Tennyson\tennyma01,11.136463
415,Matthew Highmore\highmma01,11.195254
115,Adam Brooks\brookad01,11.199213
408,Darren Helm\helmda01,11.266365
571,Trevor Lewis\lewistr01,11.297788
847,Michael Sgarbossa\sgarbmi01,11.303727
37,Josh Bailey\bailejo01,11.34217
432,Cameron Hughes\hugheca01,11.359842
695,Joakim Nordstrom\nordsjo02,11.362478
591,Olli Maatta\maattol01,11.409455
839,Nate Schmidt\schmina01,11.412251
403,Barrett Hayton\haytoba01,11.422431
445,Mattias Janmark\janmama02,11.462623
216,Chase De Leo\deleoch01,11.474545
179,Dylan Coghlan\coghldy01,11.491325
371,David Gustafsson\gustada01,11.500782
701,Joakim Nygard\nygarjo01,11.516878
203,Josh Currie\currijo01,11.522312
517,Peyton Krebs\krebspe01,11.5662365
972,Jimmy Vesey\veseyji02,11.596786
814,Patrick Russell\russepa01,11.607265
704,Drew O'Connor\oconndr01,11.637436
336,Timothy Gettinger\gettiti01,11.674742
540,Alexis Lafreniere\lafreal01,11.719255
446,Mattias Janmark\janmama02,11.723675
425,Nick Holden\holdeni01,11.743238
574,Oskar Lindblom\lindbos01,11.744915
375,Gaetan Haas\haasga01,11.752207
220,Jake DeBrusk\debruja01,11.77101
971,Jimmy Vesey\veseyji02,11.786904
462,Henri Jokiharju\jokihhe01,11.818988
413,Matthew Highmore\highmma01,11.839037
886,Eric Staal\staaler01,11.867807
573,Kole Lind\lindko01,11.902546
887,Eric Staal\staaler01,11.908868
313,Morgan Frost\frostmo01,11.931893
239,Justin Dowling\dowliju01,11.957648
56,Nicolas Beaudin\beaudni01,12.020253
580,Gustav Lindstrom\lindsgu01,12.046177
544,Patrik Laine\lainepa01,12.057779
991,Lucas Wallmark\wallmlu01,12.06535
613,John Marino\marinjo01,12.105279
672,Ryan Murray\murrary01,12.15912
435,Brad Hunt\huntbr01,12.162012
23,Artem Anisimov\anisiar01,12.181129
925,Chris Tanev\tanevch01,12.225604
114,Mathias Brome\bromema01,12.245365
53,Jay Beagle\beaglja01,12.277515
5,Jack Ahcan\ahcanja01,12.298319
311,Byron Froese\froesby01,12.305803
857,Jonas Siegenthaler\siegejo01,12.3104515
848,Yegor Sharangovich\sharaye01,12.31463
380,Libor Hajek\hajekli01,12.340833
65,Jordie Benn\bennjo01,12.358943
711,Victor Olofsson\olofsvi01,12.438936
281,Hudson Fasching\faschhu01,12.485027
687,Valeri Nichushkin\nichuva01,12.487317
692,Stefan Noesen\noesest01,12.49911
604,Mikhail Maltsev\maltsmi01,12.529164
45,Alex Barre-Boulet\barreal01,12.546112
632,Brock McGinn\mcginbr01,12.555841
721,Kyle Palmieri\palmiky01,12.562609
111,T.J. Brodie\broditj01,12.575156
644,Jonathon Merrill\merrijo01,12.609902
803,Evan Rodrigues\rodriev01,12.626872
443,Mark Jankowski\jankoma01,12.630351
473,Tomas Jurco\jurcoto01,12.635452
18,Jaret Anderson-Dolan\anderja01,12.6376505
534,Oliver Kylington\kylinol01,12.643198
460,Andreas Johnsson\johnsan01,12.665887
762,Austin Poganski\poganau01,12.703486
654,Sonny Milano\milanso01,12.709356
906,Anton Stralman\stralan01,12.716418
355,Noah Gregor\gregono01,12.73129
503,Matt Kiersted\kiersma01,12.7357235
640,Nicolas Meloche\melocni01,12.740277
429,Brett Howden\howdebr01,12.740647
286,Valtteri Filppula\filppva01,12.771143
422,Niklas Hjalmarsson\hjalmni01,12.7746105
652,Ilya Mikheyev\mikheil01,12.786674
693,Stefan Noesen\noesest01,12.797494
966,Sami Vatanen\vatansa01,12.807352
734,Greg Pateryn\patergr01,12.810431
584,Steven Lorentz\lorenst01,12.8486395
934,Ben Thomas\thomabe01,12.87267
479,Wyatt Kalynuk\kalynwy01,12.898041
10,Olle Alsing\alsinol01,12.900878
474,Noah Juulsen\juulsno01,12.9073925
868,Jaccob Slavin\slavija01,12.908396
209,Michael Dal Colle\dalcomi01,12.917342
851,Riley Sheahan\sheahri01,12.919062
1019,Travis Zajac\zajactr01,12.9214115
859,Jonas Siegenthaler\siegejo01,12.921703
192,Brett Connolly\connobr01,12.92852
33,David Backes\backeda01,12.944354
136,Matt Calvert\calvema01,12.9470005
303,Liam Foudy\foudyli01,12.948223
885,Jared Spurgeon\spurgja01,12.954367
999,Andy Welinski\welinan01,12.961753
786,Sam Reinhart\reinhsa01,12.962873
989,Nathan Walker\walkena01,12.970889
659,Ian Mitchell\mitchia01,12.981098
346,Shayne Gostisbehere\gostish01,12.981405
858,Jonas Siegenthaler\siegejo01,12.989177
103,Travis Boyd\boydtr01,13.040622
327,Adam Gaudette\gaudead01,13.047962
509,Mikko Koivu\koivumi01,13.071193
14,Michael Amadio\amadimi01,13.0906925
205,Kevin Czuczman\czuczke01,13.131653
288,Haydn Fleury\fleurha01,13.138099
366,Carl Gunnarsson\gunnaca01,13.147609
938,Tyce Thompson\thompty01,13.162716
897,Kevin Stenlund\stenlke01,13.173237
159,Ivan Chekhovich\chekhiv01,13.201826
856,Drew Shore\shoredr01,13.218216
439,Ben Hutton\huttobe01,13.2261305
248,Matt Duchene\duchema01,13.239812
135,Drake Caggiula\caggidr01,13.248777
191,Brett Connolly\connobr01,13.256666
992,Lucas Wallmark\wallmlu01,13.25819
787,Sheldon Rempal\rempash01,13.295905
451,Boone Jenner\jennebo01,13.3287
820,Joakim Ryan\ryanjo02,13.360152
523,Dean Kukan\kukande01,13.36488
330,Frederik Gauthier\gauthfr01,13.383724
809,Matt Roy\royma04,13.385408
960,Urho Vaakanainen\vaakaur01,13.392608
919,Ryan Suter\suterry01,13.402658
665,John Moore\moorejo01,13.409731
206,Kirby Dach\dachki01,13.410276
8,Frederic Allard\allarfr01,13.410776
270,Tyler Ennis\ennisty01,13.417839
516,Vitali Kravtsov\kravtvi01,13.4506035
741,Matthew Peca\pecama01,13.468859
323,Rhett Gardner\gardnrh01,13.487785
110,Guillaume Brisebois\brisegu01,13.492039
545,Juho Lammikko\lammiju01,13.494325
489,Ondrej Kase\kaseon01,13.513342
1004,Colton White\whiteco03,13.517477
143,Daniel Carr\carrda01,13.520076
642,Dakota Mermis\mermida01,13.530703
67,Jordie Benn\bennjo01,13.533787
400,Jayce Hawryluk\hawryja01,13.538711
1020,Travis Zajac\zajactr01,13.543554
941,Dmytro Timashov\timasdm01,13.549152
603,Sean Malone\malonse01,13.560497
653,Niko Mikkola\mikkoni01,13.566045
437,Ben Hutton\huttobe01,13.588713
172,Kale Clague\claguka01,13.606115
61,Louis Belpedio\belpelo01,13.608629
958,Kyle Turris\turriky01,13.649924
438,Ben Hutton\huttobe01,13.664529
43,Ivan Barbashev\barbaiv01,13.668821
290,Haydn Fleury\fleurha01,13.673559
448,Christian Jaros\jarosch01,13.679674
997,Yannick Weber\weberya01,13.686417
41,Alexander Barabanov\barabal01,13.7040825
975,Gabriel Vilardi\vilarga01,13.734512
477,Kaapo Kakko\kakkoka01,13.740779
77,Alex Biega\biegaal01,13.74743
771,Brogan Rafferty\raffebr01,13.771936
624,Gerald Mayhew\mayhege01,13.784229
63,Emil Bemstrom\bemstem01,13.794954
488,David Kase\kaseda01,13.80678
527,Dmitry Kulikov\kulikdm01,13.807173
959,Carsen Twarynski\twaryca01,13.819324
325,Adam Gaudette\gaudead01,13.828692
728,Cedric Paquette\paquece01,13.845636
374,Erik Gustafsson\gustaer02,13.874514
940,Chris Tierney\tiernch01,13.874624
633,Greg McKegg\mckeggr01,13.875926
842,Tyler Seguin\seguity01,13.87854
190,Brett Connolly\connobr01,13.885954
501,Phil Kessel\kesseph01,13.899277
789,Tarmo Reunanen\reunata01,13.902241
0,Vitaly Abramov\abramvi01,13.912224
170,Fredrik Claesson\claesfr01,13.927143
759,Brandon Pirri\pirribr01,13.932053
714,Xavier Ouellet\ouellxa01,13.934406
567,Otto Leskinen\leskiot01,13.947492
951,Eeli Tolvanen\tolvaee01,13.980375
444,Mattias Janmark\janmama02,13.982985
952,Dominic Toninato\tonindo01,13.989912
493,Brady Keeper\keepebr01,13.99396
671,Brett Murray\murrabr02,13.996099
310,Martin Frk\frkma01,14.0304365
794,Juuso Riikola\riikoju01,14.0883465
871,Cole Smith\smithco02,14.099991
802,Eric Robinson\robiner01,14.103664
821,Drake Rymsha\rymshdr01,14.105356
530,Rasmus Kupari\kuparra01,14.124832
326,Adam Gaudette\gaudead01,14.149408
917,Maksim Sushko\sushkma01,14.15137
414,Matthew Highmore\highmma01,14.16007
1014,Cameron York\yorkca01,14.194201
101,Madison Bowey\boweyma01,14.19691
755,Garrett Pilon\pilonga01,14.208987
162,Filip Chlapik\chlapfi01,14.211168
1,Noel Acciari\acciano01,14.226849
390,Fredrik Händemark\handefr01,14.240796
536,Joel L'Esperance\lespejo01,14.281788
321,Dylan Gambrell\gambrdy01,14.285457
895,Sam Steel\steelsa01,14.28566
870,C.J. Smith\smithcj01,14.287903
1000,Alexander Wennberg\wennbal01,14.3326025
329,Johnny Gaudreau\gaudrjo01,14.345371
753,Matthew Phillips\phillma01,14.356314
694,Stefan Noesen\noesest01,14.363751
48,Matt Bartkowski\bartkma01,14.3672905
930,Teuvo Teravainen\teravte01,14.369749
75,Jacob Bernard-Docker\bernaja01,14.379662
800,Nicholas Robertson\roberni01,14.392858
47,Morgan Barron\barromo01,14.3982525
66,Jordie Benn\bennjo01,14.401856
782,Alec Regula\regulal01,14.404523
183,Ian Cole\coleia01,14.420783
883,Jason Spezza\spezzja01,14.442447
105,Tyler Bozak\bozakty01,14.447967
492,Joey Keane\keanejo01,14.458289
636,Connor McMichael\mcmicco01,14.460958
643,Jonathon Merrill\merrijo01,14.494557
116,Connor Brown\brownco02,14.500497
3,Kenny Agostino\agostke01,14.512638
590,Ilya Lyubushkin\lyubuil01,14.521954
358,Jordan Gross\grossjo01,14.536506
2,Calen Addison\addisca01,14.576019
945,Jarred Tinordi\tinorja01,14.580359
78,Clark Bishop\bishocl01,14.584927
735,Greg Pateryn\patergr01,14.593042
832,Luca Sbisa\sbisalu01,14.600987
790,Justin Richards\richaju01,14.601517
141,Lucas Carlsson\carlslu01,14.612833
1009,Christian Wolanin\wolanch01,14.613157
108,Jesper Bratt\brattje01,14.626778
247,Pierre-Luc Dubois\duboipi01,14.639928
935,Robert Thomas\thomaro01,14.65992
549,Jacob Larsson\larssja01,14.688567
1013,Jesse Ylönen\yloneje01,14.701454
725,Richard Panik\panikri01,14.702784
684,Aaron Ness\nessaa01,14.754891
641,Nicholas Merkley\merklni01,14.817125
648,Victor Mete\metevi01,14.844919
393,Mike Hardman\hardmmi01,14.851422
529,Janne Kuokkanen\kuokkja01,14.8582115
257,Ryan Dzingel\dzingry01,14.860571
532,Philipp Kurashev\kurasph01,14.870082
894,Troy Stecher\stechtr01,14.8799305
844,Zachary Senyshyn\senysza01,14.904549
828,Steven Santini\santist01,14.925777
452,Nick Jensen\jenseni02,14.92886
129,Quinton Byfield\byfiequ01,14.946426
819,Derek Ryan\ryande01,14.956007
760,Rem Pitlick\pitlire01,15.007839
514,Klim Kostin\kostikl01,15.009609
942,Conor Timmins\timmico01,15.014713
232,Christian Djoos\djoosch01,15.019778
212,Brandon Davidson\davidbr01,15.03137
36,Kevin Bahl\bahlke01,15.032195
589,Eetu Luostarinen\luostee01,15.03365
328,Frederick Gaudreau\gaudrfr01,15.045677
412,Thomas Hickey\hicketh01,15.068895
164,Dennis Cholowski\cholode01,15.078657
11,Mark Alt\altma01,15.105756
54,Jake Bean\beanja01,15.113568
707,Jordan Oesterle\oestejo01,15.128228
233,Noah Dobson\dobsono01,15.139639
144,Connor Carrick\carrico01,15.170933
946,Owen Tippett\tippeow01,15.185383
258,Cody Eakin\eakinco01,15.19193
370,Nikita Gusev\gusevni01,15.194759
686,Alex Newhook\newhoal01,15.239831
553,Curtis Lazar\lazarcu01,15.260474
140,Gabriel Carlsson\carlsga01,15.269201
218,Anthony DeAngelo\deangan01,15.270948
268,Ryan Ellis\ellisry01,15.275986
866,Jeff Skinner\skinnje01,15.284619
455,Erik Johnson\johnser01,15.292988
898,Derek Stepan\stepade01,15.302
927,Tomas Tatar\tatarto01,15.306461
226,Grigori Denisenko\denisgr01,15.307234
650,Jacob Middleton\middlja01,15.314412
72,Simon Benoit\benoisi01,15.314474
1022,Yegor Zamula\zamulye01,15.330124
1028,Mats Zuccarello\zuccama01,15.336764
217,Jean-Sebastien Dea\deaje01,15.348689
51,Drake Batherson\bathedr01,15.361698
38,Justin Bailey\baileju01,15.36408
731,Brinson Pasichnuk\pasicbr01,15.36632
994,Jake Walman\walmaja01,15.374602
280,David Farrance\farrada01,15.400368
334,Morgan Geekie\geekimo01,15.409413
316,Sam Gagner\gagnesa01,15.429419
860,Dylan Sikura\sikurdy01,15.460503
235,Ryan Donato\donatry01,15.478549
121,Jacob Bryson\brysoja01,15.517469
733,Greg Pateryn\patergr01,15.573943
167,Anthony Cirelli\cirelan01,15.607503
824,Mattias Samuelsson\samuema02,15.63396
153,Cody Ceci\cecico01,15.641108
736,Greg Pateryn\patergr01,15.643856
287,Christian Fischer\fischch01,15.677852
560,Mikko Lehtonen\lehtomi03,15.680318
137,Kyle Capobianco\capobky01,15.682824
109,Justin Braun\braunju01,15.6904745
55,Ethan Bear\bearet01,15.718653
852,Conor Sheary\shearco01,15.789627
825,Rasmus Sandin\sandira01,15.805403
499,Alexander Kerfoot\kerfoal01,15.818263
406,Ville Heinola\heinovi01,15.830769
40,Alexander Barabanov\barabal01,15.840305
163,Sasha Chmelevski\chmelal01,15.864941
779,Jack Rathbone\rathbja01,15.881896
376,Brandon Hagel\hagelbr01,15.904189
410,Aleksi Heponiemi\heponal01,15.90812
742,Lane Pederson\pederla01,15.977622
298,Nolan Foote\footeno01,16.007967
15,Joey Anderson\anderjo08,16.022934
80,Anders Bjork\bjorkan01,16.070042
42,Alexander Barabanov\barabal01,16.102674
481,Steven Kampfer\kampfst01,16.114038
96,William Borgen\borgewi01,16.115528
81,Anders Bjork\bjorkan01,16.121506
178,Braydon Coburn\coburbr01,16.140244
423,Mike Hoffman\hoffmmi02,16.154455
558,Artturi Lehkonen\lehkoar01,16.164955
631,Ryan McDonagh\mcdonry01,16.169586
457,Luke Johnson\johnslu01,16.188818
335,Nathan Gerbe\gerbena01,16.190508
979,Alexander Volkov\volkoal01,16.204304
984,Jakub Vrana\vranaja01,16.220324
296,Nick Foligno\foligni01,16.257069
466,Zachary Jones\jonesza01,16.272402
263,Jack Eichel\eicheja01,16.288824
939,Joe Thornton\thornjo01,16.327318
587,Matt Luff\luffma01,16.374125
646,Victor Mete\metevi01,16.388552
850,Andrew Shaw\shawan01,16.4042
729,Colton Parayko\parayco01,16.40988
862,Radim Simek\simekra01,16.43853
486,Erik Karlsson\karlser01,16.439213
561,Mikko Lehtonen\lehtomi03,16.444551
588,Isac Lundestrom\lundeis01,16.471828
535,Jordan Kyrou\kyroujo01,16.475117
215,Jacob de La Rose\delarja01,16.492846
749,Nic Petan\petanni01,16.500055
559,Mikko Lehtonen\lehtomi03,16.542084
384,Micheal Haley\haleymi01,16.60755
908,Dylan Strome\stromdy01,16.608116
339,Mark Giordano\giordma01,16.613724
119,Logan Brown\brownlo01,16.619371
1008,Christian Wolanin\wolanch01,16.620005
618,Alec Martinez\martial01,16.62351
214,Calvin de Haan\dehaaca01,16.66112
582,William Lockwood\lockwwi01,16.677212
562,Josh Leivo\leivojo01,16.680244
282,Jesper Fast\fastje01,16.682396
812,Arttu Ruotsalainen\ruotsar01,16.775764
861,Jakob Silfverberg\silfvja01,16.828724
125,Andre Burakovsky\burakan01,16.840212
905,Michael Stone\stonemi01,16.87092
817,Adam Ruzicka\ruzicad01,16.883436
705,Logan O'Connor\oconnlo01,16.886292
896,Oskar Steen\steenos01,16.903238
112,Jonas Brodin\brodijo01,16.934898
253,Josh Dunne\dunnejo01,16.959394
660,Casey Mittelstadt\mitteca01,16.959902
236,Joonas Donskoi\donskjo01,16.968832
822,Brandon Saad\saadbr01,16.985445
348,Mikael Granlund\granlmi01,16.995352
156,Michael Chaput\chapumi01,17.013586
572,Timothy Liljegren\liljeti01,17.016144
409,Adam Henrique\henriad01,17.017342
309,Mark Friedman\friedma01,17.030123
377,Carl Hagelin\hagelca01,17.033857
795,Zac Rinaldo\rinalza01,17.073483
436,Dryden Hunt\huntdr01,17.087158
724,Richard Panik\panikri01,17.113985
1007,Christian Wolanin\wolanch01,17.156116
840,Justin Schultz\schulju01,17.20084
456,Jack Johnson\johnsja02,17.230412
743,Andrew Peeke\peekean01,17.237272
241,Sheldon Dries\driessh01,17.26724
332,Vladislav Gavrikov\gavrivl01,17.284742
107,Derick Brassard\brassde01,17.288033
59,Pierre-Edouard Bellemare\bellepi01,17.31167
97,Andreas Borgman\borgman01,17.323973
956,Alexander True\trueal01,17.33074
487,William Karlsson\karlswi01,17.378561
467,Mathieu Joseph\josepma01,17.379917
100,Evan Bouchard\bouchev01,17.385164
302,Gustav Forsling\forslgu02,17.385326
556,Nick Leddy\leddyni01,17.413933
150,Jeff Carter\carteje01,17.449392
197,Sean Couturier\coutuse01,17.475653
810,Nicolas Roy\royni01,17.484295
24,Mason Appleton\applema01,17.533985
881,Marcus Sorensen\sorenma01,17.561779
918,Pius Suter\suterpi01,17.563227
60,Kieffer Bellows\belloki01,17.641764
983,Jakub Vrana\vranaja01,17.64209
193,Kyle Connor\connoky01,17.648201
166,Filip Chytil\chytifi01,17.684029
1001,Zach Werenski\werenza01,17.699955
1026,Radim Zohorna\zohorra01,17.77211
594,Mackenzie MacEachern\maceama01,17.778437
113,Jonny Brodzinski\brodzjo01,17.790417
581,Blake Lizotte\lizotbl01,17.791645
350,Tyler Graovac\graovty01,17.793303
682,Patrik Nemeth\nemetpa01,17.808603
774,Michael Raffl\rafflmi01,17.811892
593,Jacob MacDonald\macdoja02,17.821423
221,Danny DeKeyser\dekeyda01,17.8575
344,Alex Goligoski\goligal01,17.859854
222,Michael Del Zotto\delzomi01,17.904316
723,Richard Panik\panikri01,17.917732
962,James van Riemsdyk\vanrija01,17.94712
823,Scott Sabourin\sabousc01,18.065413
84,Tobias Bjornfot\bjornto01,18.094725
877,Carl Soderberg\soderca01,18.09949
227,Travis Dermott\dermotr01,18.113298
555,Curtis Lazar\lazarcu01,18.128899
177,Braydon Coburn\coburbr01,18.151125
230,Jason Dickinson\dickija01,18.166254
7,Sebastian Aho\ahose02,18.17248
433,Jack Hughes\hugheja03,18.185722
459,Tyler Johnson\johnsty01,18.220732
152,Cole Caufield\caufico01,18.246162
300,Alex Formenton\formeal01,18.2466
737,Nolan Patrick\patrino01,18.258938
761,Tyler Pitlick\pitlity01,18.273174
915,Oskar Sundqvist\sundqos01,18.28135
685,Nikita Nesterov\nesteni01,18.304619
229,Phillip Di Giuseppe\digiuph01,18.306362
21,Andy Andreoff\andrean01,18.32176
146,Alexandre Carrier\carrial01,18.356997
943,Jarred Tinordi\tinorja01,18.368988
890,Marc Staal\staalma01,18.378468
651,Keaton Middleton\middlke01,18.441786
902,Riley Stillman\stillri01,18.45669
491,Martin Kaut\kautma01,18.47159
524,Brett Kulak\kulakbr01,18.503168
931,Troy Terry\terrytr01,18.521132
19,Lias Andersson\anderli01,18.534899
745,Mathieu Perreault\perrema01,18.576557
637,Brayden McNabb\mcnabbr01,18.581465
271,Mackenzie Entwistle\entwima01,18.584589
158,Jalen Chatfield\chatfja01,18.58934
608,Anthony Mantha\manthan01,18.603392
982,Jakub Vrana\vranaja01,18.636023
775,Rickard Rakell\rakelri01,18.683037
447,Calle Jarnkrok\jarnkca01,18.686426
505,Joel Kiviranta\kivirjo01,18.6886
254,Christian Dvorak\dvorach01,18.71147
697,Tomas Nosek\nosekto01,18.727303
599,Josh Mahura\mahurjo01,18.768383
94,Adam Boqvist\boqviad01,18.776031
661,Sean Monahan\monahse01,18.778786
944,Jarred Tinordi\tinorja01,18.803337
342,Cody Glass\glassco01,18.814617
768,Ryan Pulock\pulocry01,18.823832
515,Jesperi Kotkaniemi\kotkaje01,18.870005
338,Dennis Gilbert\gilbede01,18.87693
74,Lean Bergmann\bergmle01,18.882027
738,Nick Paul\paulni01,18.885983
988,Daniel Walcott\walcoda01,18.92053
292,Steven Fogarty\fogarst01,18.92755
331,Julien Gauthier\gauthju01,18.948444
322,Jake Gardiner\gardija01,18.955544
251,Brian Dumoulin\dumoubr01,18.97563
700,Markus Nutivaara\nutivma01,18.97862
968,Joseph Veleno\velenjo01,18.98422
541,William Lagesson\lageswi01,18.986616
480,David Kampf\kampfda01,18.986774
131,Paul Byron\byronpa01,18.989197
86,Colin Blackwell\blackco01,18.995768
1015,Pavel Zacha\zachapa01,19.014936
469,Dakota Joshua\joshuda01,19.02836
780,Kyle Rau\rauky01,19.04666
513,Anze Kopitar\kopitan01,19.063343
910,Marian Studenic\studema01,19.071796
259,Jordan Eberle\eberljo01,19.149235
647,Victor Mete\metevi01,19.197607
981,Jakub Voracek\voracja01,19.232817
199,Dylan Cozens\cozendy01,19.234554
127,Kyle Burroughs\burroky01,19.243893
76,Tyler Bertuzzi\bertuty01,19.265516
964,Sami Vatanen\vatansa01,19.290775
399,Erik Haula\haulaer01,19.296167
770,Alexander Radulov\radulal01,19.300932
132,Nicholas Caamano\caamani01,19.321695
9,Wade Allison\alliswa01,19.337152
142,Ryan Carpenter\carpery01,19.360668
26,Joel Armia\armiajo01,19.432775
175,Cal Clutterbuck\cluttca01,19.446419
913,Tim Stützle\stuetti02,19.466639
269,Pierre Engvall\engvapi01,19.480051
880,Victor Soderstrom\sodervi01,19.518833
396,Scott Harrington\harrisc01,19.535181
683,Patrik Nemeth\nemetpa01,19.640068
698,Ryan Nugent-Hopkins\nugenry01,19.646313
679,Martin Necas\necasma01,19.70679
923,Evgeny Svechnikov\svechev01,19.711466
1024,Trevor Zegras\zegratr01,19.745789
841,Jaden Schwartz\schwaja01,19.75144
496,Joel Kellman\kellmjo01,19.757303
341,Claude Giroux\giroucl01,19.769293
717,Jean-Gabriel Pageau\pageaje01,19.771725
751,Elias Pettersson\petteel01,19.797709
416,Vinnie Hinostroza\hinosvi01,19.802492
424,Nils Hoglander\hoglani01,19.803188
835,Mark Scheifele\scheima01,19.8429
785,Mike Reilly\reillmi01,19.844858
187,J.T. Compher\comphj.01,19.855375
621,Stefan Matteau\mattest02,19.879135
691,Sami Niku\nikusa01,19.903425
224,Dylan DeMelo\demeldy01,19.91292
407,Miro Heiskanen\heiskmi01,19.929245
680,Brock Nelson\nelsobr01,19.931818
189,Kevin Connauton\connake01,19.940758
87,Sammy Blais\blaissa01,20.019192
912,Nico Sturm\sturmni01,20.04207
85,Nick Bjugstad\bjugsni01,20.047194
830,David Savard\savarda01,20.067066
82,Anders Bjork\bjorkan01,20.086267
815,Bryan Rust\rustbr01,20.116886
793,Morgan Rielly\riellmo01,20.116982
865,Colton Sissons\sissoco01,20.126968
318,Alex Galchenyuk\galchal01,20.13408
252,Vince Dunn\dunnvi02,20.17055
702,William Nylander\nylanwi01,20.180138
629,Max McCormick\mccorma01,20.208538
990,Sean Walker\walkese01,20.251453
468,Pierre-Olivier Joseph\joseppi01,20.30662
176,Braydon Coburn\coburbr01,20.33284
343,Luke Glendening\glendlu01,20.350529
89,Anton Blidh\blidhan01,20.358305
139,John Carlson\carlsjo01,20.37144
495,Clayton Keller\kellecl01,20.374832
531,Sean Kuraly\kuralse01,20.411161
875,Reilly Smith\smithre01,20.48121
29,Zach Aston-Reese\astonza01,20.5307
359,Carl Grundstrom\grundca01,20.553883
838,Nick Schmaltz\schmani01,20.561968
678,James Neal\nealja01,20.651634
937,Tage Thompson\thompta01,20.661198
484,Kasperi Kapanen\kapanka01,20.661879
627,Jared McCann\mccanja01,20.696924
419,Roope Hintz\hintzro01,20.737906
304,Cam Fowler\fowleca01,20.791262
319,Alex Galchenyuk\galchal01,20.815851
27,Viktor Arvidsson\arvidvi01,20.822224
39,Rudolfs Balcers\balceru01,20.879242
198,Charlie Coyle\coylech01,20.879751
1023,Jakub Zboril\zborija01,20.89868
907,Austin Strand\stranau01,20.9224
133,Drake Caggiula\caggidr01,20.938473
763,Brayden Point\pointbr01,20.959818
180,Andrew Cogliano\coglian01,20.962154
387,Taylor Hall\hallta02,20.965149
719,Kyle Palmieri\palmiky01,20.985321
1003,Colin White\whiteco02,21.010887
138,Brandon Carlo\carlobr01,21.014946
494,Duncan Keith\keithdu01,21.0412
134,Drake Caggiula\caggidr01,21.070438
213,Jeremy Davies\davieje01,21.0748
395,Ben Harpur\harpube01,21.07887
265,Mattias Ekholm\ekholma01,21.09826
391,Noah Hanifin\hanifno01,21.134005
826,Zach Sanford\sanfoza01,21.182251
543,Patrik Laine\lainepa01,21.1977
878,Carl Soderberg\soderca01,21.213116
985,Austin Wagner\wagneau01,21.25035
442,Matt Irwin\irwinma01,21.278172
681,Patrik Nemeth\nemetpa01,21.289629
194,Andrew Copp\coppan01,21.300941
748,Brett Pesce\pescebr01,21.307775
305,Adam Fox\foxad01,21.391008
242,Jonathan Drouin\drouijo01,21.45348
308,Mark Friedman\friedma01,21.492243
470,Roman Josi\josiro01,21.500715
149,Jeff Carter\carteje01,21.564772
46,Tyson Barrie\barrity01,21.582525
58,Anthony Beauvillier\beauvan01,21.584082
829,David Savard\savarda01,21.584776
884,Daniel Sprong\spronda01,21.613453
317,Alex Galchenyuk\galchal01,21.652958
696,Joshua Norris\norrijo01,21.669142
90,Teddy Blueger\bluegte01,21.681013
622,Auston Matthews\matthau01,21.684715
754,Alex Pietrangelo\pietral01,21.693605
609,Anthony Mantha\manthan01,21.732866
752,Marcus Pettersson\pettema01,21.806124
827,Travis Sanheim\sanhetr01,21.829548
291,Warren Foegele\foegewa01,21.835245
354,A.J. Greer\greeraj01,21.844564
740,Tanner Pearson\pearsta01,21.91653
932,Alexandre Texier\texieal01,22.025179
483,Patrick Kane\kanepa01,22.07967
148,Jeff Carter\carteje01,22.081438
666,Trevor Moore\mooretr01,22.137348
965,Sami Vatanen\vatansa01,22.18756
806,Jack Roslovic\rosloja01,22.19796
676,Vladislav Namestnikov\namesvl01,22.19873
612,Mason Marchment\marchma01,22.199907
657,K'Andre Miller\milleka01,22.232986
784,Mike Reilly\reillmi01,22.236319
722,Artemi Panarin\panarar01,22.268633
147,William Carrier\carriwi01,22.318209
528,Luke Kunin\kuninlu01,22.319937
93,Nick Bonino\boninni01,22.344198
727,Cedric Paquette\paquece01,22.390226
854,Kole Sherwood\sherwko01,22.404375
986,Chris Wagner\wagnech01,22.43465
744,Adam Pelech\pelecad01,22.503122
519,David Krejci\krejcda01,22.520967
386,Taylor Hall\hallta02,22.558395
69,Sam Bennett\bennesa01,22.595985
1011,Kailer Yamamoto\yamamka01,22.63226
91,Brock Boeser\boesebr01,22.67344
244,Dillon Dube\dubedi01,22.76035
720,Kyle Palmieri\palmiky01,22.777802
301,Filip Forsberg\forsbfi01,22.815746
52,Gavin Bayreuther\bayrega01,22.834888
262,Nikolaj Ehlers\ehlerni01,22.838829
1018,Nikita Zaitsev\zaitsni01,22.852741
181,Ian Cole\coleia01,22.942099
426,Justin Holl\hollju01,22.943375
615,Mitch Marner\marnemi01,22.994097
511,Leo Komarov\komarle01,23.055101
83,Oliver Bjorkstrand\bjorkol01,23.068373
57,Nathan Beaulieu\beaulna01,23.095207
430,Filip Hronek\hronefi01,23.097101
767,Jesse Puljujarvi\puljuje01,23.110811
277,Dante Fabbro\fabbrda01,23.155308
949,Devon Toews\toewsde01,23.198944
471,Tyson Jost\jostty01,23.214415
833,Marco Scandella\scandma01,23.257305
182,Ian Cole\coleia01,23.317257
449,Tanner Jeannot\jeannta01,23.330462
713,T.J. Oshie\oshietj01,23.347576
35,Nicklas Backstrom\backsni02,23.396942
340,Samuel Girard\girarsa01,23.413525
550,Johan Larsson\larssjo02,23.4344
873,Gemel Smith\smithge02,23.448698
219,Alex DeBrincat\debrial01,23.482353
607,Anthony Mantha\manthan01,23.498962
402,Kevin Hayes\hayeske01,23.524881
276,Robby Fabbri\fabbrro01,23.544788
757,Shane Pinto\pintosh01,23.549688
674,Philippe Myers\myersph01,23.630108
71,Matt Benning\bennima01,23.643074
799,Jason Robertson\roberja01,23.667372
526,Dmitry Kulikov\kulikdm01,23.70107
605,Andrew Mangiapane\mangian01,23.716845
417,Vinnie Hinostroza\hinosvi01,23.717434
914,P.K. Subban\subbapk01,23.861399
928,John Tavares\tavarjo01,23.88539
521,Dominik Kubalík\kubaldo01,23.915932
434,Quinn Hughes\hughequ01,23.97687
542,Patrik Laine\lainepa01,24.024103
364,Erik Gudbranson\gudbrer01,24.031185
117,Dustin Brown\browndu01,24.097351
570,Tyler Lewington\lewinty01,24.113218
307,Mark Friedman\friedma01,24.116652
525,Dmitry Kulikov\kulikdm01,24.128546
726,Cedric Paquette\paquece01,24.148275
453,Ryan Johansen\johanry01,24.165545
876,Ty Smith\smithty01,24.22549
485,Kirill Kaprizov\kapriki01,24.234646
267,Lars Eller\ellerla01,24.249296
1005,Zach Whitecloud\whiteza01,24.282795
953,Yakov Trenin\treniya01,24.307024
663,Brandon Montour\montobr01,24.308678
575,Esa Lindell\lindees01,24.3256
626,Jake McCabe\mccabja01,24.349546
961,Juuso Valimaki\valimju01,24.359251
383,Jani Hakanpaa\hakanja01,24.421282
30,Andreas Athanasiou\athanan01,24.44129
619,Jordan Martinook\martijo01,24.462227
349,Derek Grant\grantde01,24.533812
955,Jacob Trouba\troubja01,24.592815
124,Michael Bunting\buntimi01,24.605999
378,Robert Hagg\haggro01,24.629965
367,Denis Gurianov\guriade01,24.81015
849,Kevin Shattenkirk\shattke01,24.89203
196,Logan Couture\coutulo01,24.89864
225,Jason Demers\demerja01,24.965961
171,Fredrik Claesson\claesfr01,25.01174
1029,Jason Zucker\zuckeja01,25.025282
533,Evgeny Kuznetsov\kuzneev01,25.094484
872,Craig Smith\smithcr01,25.13421
50,Nathan Bastian\bastina01,25.149076
88,Joachim Blichfeld\blichjo01,25.181278
169,Fredrik Claesson\claesfr01,25.187326
44,Aleksander Barkov\barkoal01,25.240116
273,Joel Eriksson Ek\eriksjo02,25.248602
506,John Klingberg\klingjo01,25.268356
539,Sam Lafferty\laffesa01,25.328632
385,Taylor Hall\hallta02,25.343006
804,Alexander Romanov\romanal01,25.34595
458,Reese Johnson\johnsre01,25.355051
811,Chad Ruhwedel\ruhwech01,25.404669
716,Max Pacioretty\pacioma01,25.42424
565,Brendan Lemieux\lemiebr01,25.452635
669,Tyler Motte\mottety01,25.486961
211,Phillip Danault\danauph01,25.506536
658,Kevan Miller\milleke03,25.542091
173,Kyle Clifford\cliffky01,25.562029
773,Michael Raffl\rafflmi01,25.566889
585,Adam Lowry\lowryad01,25.60421
1010,Miles Wood\woodmi01,25.67824
668,Josh Morrissey\morrijo04,25.728062
639,Timo Meier\meierti01,26.021273
255,Ryan Dzingel\dzingry01,26.035368
655,Colin Miller\milleco02,26.049314
498,Adrian Kempe\kempead01,26.053606
778,Michael Rasmussen\rasmumi01,26.06278
185,Ross Colton\coltoro01,26.065931
22,Anthony Angello\angelan01,26.205408
766,Ivan Provorov\provoiv01,26.255642
712,Dmitry Orlov\orlovdm01,26.289928
278,Radek Faksa\faksara01,26.30026
284,Mario Ferraro\ferrama01,26.300282
788,Dan Renouf\renouda01,26.339666
1027,Artem Zub\zubar01,26.387531
237,Drew Doughty\doughdr01,26.4373
1025,Mika Zibanejad\zibanmi01,26.440786
490,Zack Kassian\kassiza01,26.459074
548,Adam Larsson\larssad01,26.482103
578,Hampus Lindholm\lindhha01,26.754204
17,Michael Anderson\andermi02,26.75899
846,Damon Severson\severda01,26.763077
901,Riley Stillman\stillri01,26.807686
168,Casey Cizikas\cizikca01,26.82243
256,Ryan Dzingel\dzingry01,26.822763
512,Travis Konecny\konectr01,26.875134
320,Brendan Gallagher\gallabr01,26.888262
299,Derek Forbort\forbode01,26.918161
746,David Perron\perroda01,27.122875
957,Alex Tuch\tuchal01,27.219093
706,Ryan O'Reilly\oreilry01,27.378578
893,Paul Stastny\stastpa01,27.38279
275,Jake Evans\evansja02,27.414536
818,Bobby Ryan\ryanbo01,27.439724
772,Michael Raffl\rafflmi01,27.4545
557,Anders Lee\leean01,27.657413
739,Joe Pavelski\paveljo01,27.691498
577,Elias Lindholm\lindhel01,27.718794
628,Michael McCarron\mccarmi01,27.75
324,Conor Garland\garlaco01,27.752226
261,Joel Edmundson\edmunjo01,27.77313
933,Shea Theodore\theodsh01,27.82678
73,Patrice Bergeron\bergepa01,27.834316
602,Evgeni Malkin\malkiev01,27.879736
601,Cale Makar\makarca01,27.8823
783,Mike Reilly\reillmi01,27.901152
520,Torey Krug\krugto01,27.978695
126,Brent Burns\burnsbr01,28.004885
715,Alex Ovechkin\ovechal01,28.043348
903,Riley Stillman\stillri01,28.123825
987,Oliver Wahlstrom\wahlsol01,28.138628
750,Jeff Petry\petryje01,28.195513
816,Jan Rutta\ruttaja02,28.247047
465,Seth Jones\jonesse01,28.360287
428,Bo Horvat\horvabo01,28.368202
208,Rasmus Dahlin\dahlira01,28.371307
279,Joel Farabee\farabjo01,28.496605
867,Brady Skjei\skjeibr01,28.547909
274,Adam Erne\ernead01,28.638956
620,Mike Matheson\mathemi01,28.67177
249,Anthony Duclair\duclaan01,28.684185
769,Mark Pysyk\pysykma01,28.788342
295,Nick Foligno\foligni01,28.8752
397,Ryan Hartman\hartmry01,28.952463
238,Nic Dowd\dowdni01,28.96002
670,Connor Murphy\murphco02,29.012814
996,Shea Weber\webersh01,29.051403
967,Frank Vatrano\vatrafr01,29.226246
758,Neal Pionk\pionkne01,29.232704
34,Mikael Backlund\backlmi01,29.277063
411,Tomas Hertl\hertlto01,29.446167
186,Blake Comeau\comeabl01,29.456287
79,Anthony Bitetto\bitetan01,29.508661
891,Steven Stamkos\stamkst01,29.56835
223,Ty Dellandrea\dellaty01,29.735628
954,Vincent Trocheck\trochvi01,29.75063
547,Dylan Larkin\larkidy01,29.783476
718,Ondrej Palat\palaton01,29.860302
200,Joseph Cramarossa\cramajo01,29.872938
921,Nick Suzuki\suzukni01,29.889208
404,Victor Hedman\hedmavi01,30.089005
537,Kevin Labanc\labanke01,30.303658
20,Rasmus Andersson\anderra01,30.339891
294,Nick Foligno\foligni01,30.462717
130,Bowen Byram\byrambo01,30.644005
365,Jake Guentzel\guentja01,30.692059
360,Matt Grzelcyk\grzelma01,30.773964
673,Jake Muzzin\muzzija01,30.877842
900,Chandler Stephenson\stephch02,30.878654
382,Jani Hakanpaa\hakanja01,31.080093
510,Keegan Kolesar\koleske01,31.1435
475,Nazem Kadri\kadrina01,31.3846
389,Travis Hamonic\hamontr01,31.441172
106,Erik Brannstrom\branner01,31.54052
797,Brett Ritchie\ritchbr01,31.574095
892,Logan Stanley\stanllo01,31.6148
732,David Pastrnak\pastrda01,31.632614
337,Ryan Getzlaf\getzlry01,31.662552
781,Ryan Reaves\reavery01,31.685331
623,Scott Mayfield\mayfisc01,31.701864
266,Oliver Ekman-Larsson\ekmanol01,31.879467
118,Josh Brown\brownjo01,31.945965
874,Givani Smith\smithgi01,31.949034
64,Jamie Benn\bennja01,32.095642
161,Alex Chiasson\chiasal01,32.310505
315,Jonah Gadjovich\gadjojo01,32.454876
201,Sidney Crosby\crosbsi01,32.570095
845,Mikhail Sergachev\sergami01,32.584095
245,Pierre-Luc Dubois\duboipi01,32.6824
297,Callan Foote\footeca01,32.72218
1012,Keith Yandle\yandlke01,32.953476
157,Zdeno Chara\charazd01,33.13759
904,Mark Stone\stonema01,33.254272
507,Nikolai Knyzhov\knyzhni01,33.267914
974,Jeffrey Viel\vielje01,33.297443
950,Tyler Toffoli\toffoty01,33.3307
379,Nicolas Hague\hagueni01,33.42503
836,Brayden Schenn\schenbr01,33.43293
504,Alex Killorn\killoal01,33.507496
664,Brandon Montour\montobr01,33.66701
924,Brandon Tanev\tanevbr01,33.669304
246,Pierre-Luc Dubois\duboipi01,33.70131
195,Nick Cousins\cousini01,34.008266
709,Jamie Oleksiak\oleksja01,34.073036
440,Zach Hyman\hymanza01,34.161915
464,Max Jones\jonesma03,34.574913
283,Justin Faulk\faulkju01,34.595745
381,Jani Hakanpaa\hakanja01,34.656334
155,Thomas Chabot\chaboth01,34.790802
568,Kris Letang\letankr01,35.159748
807,Antoine Roussel\roussan01,35.509205
592,Kurtis MacDermid\macdeku01,35.54784
688,Nino Niederreiter\niedeni01,35.641403
634,Michael McLeod\mcleomi01,35.69888
1017,Nikita Zadorov\zadorni01,35.736294
576,Ryan Lindgren\lindgry01,35.77172
6,Sebastian Aho\ahose01,35.792942
16,Josh Anderson\anderjo05,35.830593
606,Josh Manson\mansojo01,35.890156
25,Josh Archibald\archijo01,35.946606
597,Connor Mackey\mackeco01,36.120914
889,Jordan Staal\staaljo01,36.58654
188,Max Comtois\comtoma01,36.58693
546,Gabriel Landeskog\landega01,36.62247
969,Carter Verhaeghe\verhaca01,36.7027
617,Matt Martin\martima02,36.715343
798,Nick Ritchie\ritchni01,36.99356
995,Austin Watson\watsoau01,37.077744
630,Connor McDavid\mcdavco01,37.1399
551,Scott Laughton\laughsc01,37.59547
662,Brandon Montour\montobr01,37.645878
909,Ryan Strome\stromry01,37.80607
184,Blake Coleman\colembl01,38.00773
250,Mathew Dumba\dumbama01,38.137245
518,Chris Kreider\kreidch01,38.389557
611,Jonathan Marchessault\audymjo01,38.43829
796,Rasmus Ristolainen\ristora01,38.509434
160,Ben Chiarot\chiarbe01,38.526672
625,Charlie McAvoy\mcavoch01,38.56944
656,J.T. Miller\millejt01,38.645134
174,Connor Clifton\cliftco01,38.67799
32,Nicolas Aube-Kubel\aubekni01,38.82456
976,Jake Virtanen\virtaja01,38.869576
145,Sam Carrick\carrisa01,39.02008
240,Leon Draisaitl\draisle01,39.13159
747,Corey Perry\perryco01,39.27889
363,Erik Gudbranson\gudbrer01,39.28666
165,Jakob Chychrun\chychja01,39.3667
98,Mark Borowiecki\borowma01,39.369686
388,Dougie Hamilton\hamildo01,39.815514
431,Jonathan Huberdeau\huberjo01,39.9391
154,Erik Cernak\cernaer01,39.957047
552,Jeremy Lauzon\lauzoje01,40.08994
347,Yanni Gourde\gourdya01,40.16035
122,Pavel Buchnevich\buchnpa01,40.312466
401,John Hayden\haydejo01,40.582737
260,Alexander Edler\edleral01,40.604115
1002,Blake Wheeler\wheelbl01,40.801537
461,Ross Johnston\johnsro02,40.934734
202,Lawson Crouse\crousla01,40.98452
285,Kevin Fiala\fialake01,41.02364
99,Robert Bortuzzo\borturo01,41.065838
595,Zack MacEwen\macewza01,41.06611
264,Aaron Ekblad\ekblaaa01,41.26997
675,Tyler Myers\myersty01,41.41984
667,Samuel Morin\morinsa01,41.932053
482,Evander Kane\kaneev01,41.947536
427,Patric Hornqvist\hornqpa01,41.98471
586,Milan Lucic\lucicmi01,41.98836
353,Jordan Greenway\greenjo02,42.237827
502,Jujhar Khaira\khairju01,42.551525
49,Mathew Barzal\barzama01,42.560722
361,Radko Gudas\gudasra01,42.61662
922,Andrei Svechnikov\svechan01,42.776096
863,Wayne Simmonds\simmowa01,43.014545
92,Zach Bogosian\bogosza01,43.248802
776,Mikko Rantanen\rantami01,43.504154
345,Barclay Goodrow\goodrba01,43.955242
805,Kevin Rooney\rooneke01,44.497513
598,Nathan MacKinnon\mackina01,44.752197
231,Brenden Dillon\dillobr01,44.803806
351,Ryan Graves\gravery01,45.46373
362,Erik Gudbranson\gudbrer01,45.819878
998,MacKenzie Weegar\weegama01,46.314034
882,Carson Soucy\soucyca01,47.06325
703,Liam O'Brien\obrieli01,47.1241
68,Sam Bennett\bennesa01,47.160538
228,Nicolas Deslauriers\deslani01,47.850094
70,Sam Bennett\bennesa01,49.314465
616,Pat Maroon\maroopa01,51.518185
948,Matthew Tkachuk\tkachma01,52.457172
837,Luke Schenn\schenlu01,52.977158
306,Trent Frederic\fredetr01,52.978535
699,Darnell Nurse\nurseda01,53.937103
234,Max Domi\domima01,54.044693
564,Brendan Lemieux\lemiebr01,54.791355
293,Marcus Foligno\foligma01,57.66572
314,Kurtis Gabriel\gabriku01,57.90508
398,Garnet Hathaway\hathaga01,58.912273
610,Brad Marchand\marchbr03,59.152626
563,Brendan Lemieux\lemiebr01,60.867817
710,Mathieu Olivier\olivima01,61.671383
583,Ryan Lomberg\lombery01,61.73737
869,Brendan Smith\smithbr05,61.73821
947,Brady Tkachuk\tkachbr01,64.98625
1006,Tom Wilson\wilsoto01,79.39523
