,Player,S%2022
892,Logan Stanley\stanllo01,3.1619208
591,Olli Maatta\maattol01,3.2055016
685,Nikita Nesterov\nesteni01,3.210985
463,Caleb Jones\jonesca01,3.2164226
71,Matt Benning\bennima01,3.220514
297,Callan Foote\footeca01,3.2301192
289,Haydn Fleury\fleurha01,3.2390215
57,Nathan Beaulieu\beaulna01,3.2601578
541,William Lagesson\lageswi01,3.2647078
942,Conor Timmins\timmico01,3.265625
643,Jonathon Merrill\merrijo01,3.282624
644,Jonathon Merrill\merrijo01,3.2935238
549,Jacob Larsson\larssja01,3.3171837
943,Jarred Tinordi\tinorja01,3.3243473
816,Jan Rutta\ruttaja02,3.3311327
907,Austin Strand\stranau01,3.333415
764,Tucker Poolman\poolmtu01,3.3353567
146,Alexandre Carrier\carrial01,3.3364065
395,Ben Harpur\harpube01,3.3444269
560,Mikko Lehtonen\lehtomi03,3.3498976
224,Dylan DeMelo\demeldy01,3.3504753
225,Jason Demers\demerja01,3.3708377
526,Dmitry Kulikov\kulikdm01,3.378085
213,Jeremy Davies\davieje01,3.388641
174,Connor Clifton\cliftco01,3.3907425
422,Niklas Hjalmarsson\hjalmni01,3.4021122
438,Ben Hutton\huttobe01,3.4083917
17,Michael Anderson\andermi02,3.408724
92,Zach Bogosian\bogosza01,3.4098012
559,Mikko Lehtonen\lehtomi03,3.4149017
437,Ben Hutton\huttobe01,3.4155757
552,Jeremy Lauzon\lauzoje01,3.4206324
98,Mark Borowiecki\borowma01,3.4322016
961,Juuso Valimaki\valimju01,3.4327924
994,Jake Walman\walmaja01,3.433252
1023,Jakub Zboril\zborija01,3.4383647
944,Jarred Tinordi\tinorja01,3.4397624
442,Matt Irwin\irwinma01,3.443352
523,Dean Kukan\kukande01,3.443638
525,Dmitry Kulikov\kulikdm01,3.4533608
964,Sami Vatanen\vatansa01,3.455826
392,Joel Hanley\hanlejo01,3.4567053
524,Brett Kulak\kulakbr01,3.470685
160,Ben Chiarot\chiarbe01,3.4779844
901,Riley Stillman\stillri01,3.481347
84,Tobias Bjornfot\bjornto01,3.4835277
590,Ilya Lyubushkin\lyubuil01,3.4835763
118,Josh Brown\brownjo01,3.4880073
130,Bowen Byram\byrambo01,3.4954765
804,Alexander Romanov\romanal01,3.5034645
580,Gustav Lindstrom\lindsgu01,3.5104296
811,Chad Ruhwedel\ruhwech01,3.5189583
672,Ryan Murray\murrary01,3.5252779
646,Victor Mete\metevi01,3.5506208
831,David Savard\savarda01,3.556841
658,Kevan Miller\milleke03,3.5586894
322,Jake Gardiner\gardija01,3.5601199
977,Marc-Edouard Vlasic\vlasima01,3.5613034
66,Jordie Benn\bennjo01,3.5645297
382,Jani Hakanpaa\hakanja01,3.564782
999,Andy Welinski\welinan01,3.5661454
965,Sami Vatanen\vatansa01,3.5676284
288,Haydn Fleury\fleurha01,3.569383
960,Urho Vaakanainen\vaakaur01,3.5706203
593,Jacob MacDonald\macdoja02,3.5717065
65,Jordie Benn\bennjo01,3.585098
700,Markus Nutivaara\nutivma01,3.6030781
425,Nick Holden\holdeni01,3.6041663
733,Greg Pateryn\patergr01,3.6048584
351,Ryan Graves\gravery01,3.6051419
623,Scott Mayfield\mayfisc01,3.6207728
55,Ethan Bear\bearet01,3.62234
352,Andy Greene\greenan01,3.6256618
809,Matt Roy\royma04,3.6260026
389,Travis Hamonic\hamontr01,3.6295764
364,Erik Gudbranson\gudbrer01,3.6315625
813,Kris Russell\russekr01,3.6359704
769,Mark Pysyk\pysykma01,3.653013
674,Philippe Myers\myersph01,3.659075
96,William Borgen\borgewi01,3.6642344
576,Ryan Lindgren\lindgry01,3.6651294
868,Jaccob Slavin\slavija01,3.666274
682,Patrik Nemeth\nemetpa01,3.6713593
785,Mike Reilly\reillmi01,3.6716306
966,Sami Vatanen\vatansa01,3.673056
462,Henri Jokiharju\jokihhe01,3.6801078
109,Justin Braun\braunju01,3.6815624
260,Alexander Edler\edleral01,3.6868541
1017,Nikita Zadorov\zadorni01,3.6877196
857,Jonas Siegenthaler\siegejo01,3.6879864
867,Brady Skjei\skjeibr01,3.692134
299,Derek Forbort\forbode01,3.6923845
830,David Savard\savarda01,3.6935148
925,Chris Tanev\tanevch01,3.6983778
527,Dmitry Kulikov\kulikdm01,3.704866
176,Braydon Coburn\coburbr01,3.707987
729,Colton Parayko\parayco01,3.7198932
261,Joel Edmundson\edmunjo01,3.7234478
172,Kale Clague\claguka01,3.7246401
366,Carl Gunnarsson\gunnaca01,3.7349665
380,Libor Hajek\hajekli01,3.7381308
362,Erik Gudbranson\gudbrer01,3.7540498
363,Erik Gudbranson\gudbrer01,3.7652903
647,Victor Mete\metevi01,3.7690444
829,David Savard\savarda01,3.769931
637,Brayden McNabb\mcnabbr01,3.778684
177,Braydon Coburn\coburbr01,3.7851968
277,Dante Fabbro\fabbrda01,3.7889028
780,Kyle Rau\rauky01,3.7891295
752,Marcus Pettersson\pettema01,3.789916
181,Ian Cole\coleia01,3.7928948
158,Jalen Chatfield\chatfja01,3.7935665
843,Andrej Sekera\sekeran01,3.7939317
77,Alex Biega\biegaal01,3.7947907
905,Michael Stone\stonemi01,3.7949104
681,Patrik Nemeth\nemetpa01,3.7965536
182,Ian Cole\coleia01,3.804029
734,Greg Pateryn\patergr01,3.8053722
882,Carson Soucy\soucyca01,3.8060236
945,Jarred Tinordi\tinorja01,3.8092258
1005,Zach Whitecloud\whiteza01,3.8224761
768,Ryan Pulock\pulocry01,3.8395967
903,Riley Stillman\stillri01,3.8444746
744,Adam Pelech\pelecad01,3.8449645
631,Ryan McDonagh\mcdonry01,3.8462794
169,Fredrik Claesson\claesfr01,3.8499973
99,Robert Bortuzzo\borturo01,3.8580625
894,Troy Stecher\stechtr01,3.8600886
111,T.J. Brodie\broditj01,3.8604252
833,Marco Scandella\scandma01,3.8620374
214,Calvin de Haan\dehaaca01,3.8681068
54,Jake Bean\beanja01,3.8702478
963,Trevor van Riemsdyk\vanritr01,3.8789093
1007,Christian Wolanin\wolanch01,3.8813999
284,Mario Ferraro\ferrama01,3.8831906
332,Vladislav Gavrikov\gavrivl01,3.8866127
452,Nick Jensen\jenseni02,3.8948586
121,Jacob Bryson\brysoja01,3.8976216
890,Marc Staal\staalma01,3.8980544
189,Kevin Connauton\connake01,3.8998535
788,Dan Renouf\renouda01,3.916471
670,Connor Murphy\murphco02,3.9241774
136,Matt Calvert\calvema01,3.9261658
743,Andrew Peeke\peekean01,3.9331613
233,Noah Dobson\dobsono01,3.9343946
645,Jonathon Merrill\merrijo01,3.9354563
955,Jacob Trouba\troubja01,3.935912
138,Brandon Carlo\carlobr01,3.9412966
714,Xavier Ouellet\ouellxa01,3.9441328
381,Jani Hakanpaa\hakanja01,3.9449904
849,Kevin Shattenkirk\shattke01,3.9681938
221,Danny DeKeyser\dekeyda01,3.975457
67,Jordie Benn\bennjo01,3.9957092
570,Tyler Lewington\lewinty01,4.002859
128,Will Butcher\butchwi01,4.013702
827,Travis Sanheim\sanhetr01,4.01836
784,Mike Reilly\reillmi01,4.0326724
703,Liam O'Brien\obrieli01,4.0403023
412,Thomas Hickey\hicketh01,4.0473113
665,John Moore\moorejo01,4.0482874
507,Nikolai Knyzhov\knyzhni01,4.0533624
157,Zdeno Chara\charazd01,4.0561256
212,Brandon Davidson\davidbr01,4.059839
575,Esa Lindell\lindees01,4.0757732
837,Luke Schenn\schenlu01,4.097905
455,Erik Johnson\johnser01,4.104722
227,Travis Dermott\dermotr01,4.109853
414,Matthew Highmore\highmma01,4.126778
379,Nicolas Hague\hagueni01,4.1302786
141,Lucas Carlsson\carlslu01,4.1310863
178,Braydon Coburn\coburbr01,4.1327014
906,Anton Stralman\stralan01,4.147843
990,Sean Walker\walkese01,4.1656575
824,Mattias Samuelsson\samuema02,4.179637
170,Fredrik Claesson\claesfr01,4.1818085
653,Niko Mikkola\mikkoni01,4.192068
561,Mikko Lehtonen\lehtomi03,4.1935453
391,Noah Hanifin\hanifno01,4.194635
439,Ben Hutton\huttobe01,4.194923
222,Michael Del Zotto\delzomi01,4.1974936
171,Fredrik Claesson\claesfr01,4.199614
663,Brandon Montour\montobr01,4.210792
642,Dakota Mermis\mermida01,4.211066
154,Erik Cernak\cernaer01,4.2120075
839,Nate Schmidt\schmina01,4.2265444
736,Greg Pateryn\patergr01,4.2266674
1009,Christian Wolanin\wolanch01,4.2319393
624,Gerald Mayhew\mayhege01,4.237151
606,Josh Manson\mansojo01,4.249458
494,Duncan Keith\keithdu01,4.252914
374,Erik Gustafsson\gustaer02,4.257221
473,Tomas Jurco\jurcoto01,4.2577744
426,Justin Holl\hollju01,4.2586203
143,Daniel Carr\carrda01,4.2600784
974,Jeffrey Viel\vielje01,4.2653284
11,Mark Alt\altma01,4.266298
825,Rasmus Sandin\sandira01,4.2705894
783,Mike Reilly\reillmi01,4.2750325
231,Brenden Dillon\dillobr01,4.275354
183,Ian Cole\coleia01,4.2769184
251,Brian Dumoulin\dumoubr01,4.2808247
361,Radko Gudas\gudasra01,4.282173
934,Ben Thomas\thomabe01,4.2912893
384,Micheal Haley\haleymi01,4.2943635
200,Joseph Cramarossa\cramajo01,4.3023686
302,Gustav Forsling\forslgu02,4.303599
72,Simon Benoit\benoisi01,4.3043776
314,Kurtis Gabriel\gabriku01,4.3044386
795,Zac Rinaldo\rinalza01,4.3062496
735,Greg Pateryn\patergr01,4.3089814
657,K'Andre Miller\milleka01,4.3110824
41,Alexander Barabanov\barabal01,4.312987
691,Sami Niku\nikusa01,4.314975
748,Brett Pesce\pescebr01,4.317369
372,Erik Gustafsson\gustaer02,4.3183017
481,Steven Kampfer\kampfst01,4.318784
832,Luca Sbisa\sbisalu01,4.322368
820,Joakim Ryan\ryanjo02,4.322377
859,Jonas Siegenthaler\siegejo01,4.323043
358,Jordan Gross\grossjo01,4.3267636
205,Kevin Czuczman\czuczke01,4.328263
640,Nicolas Meloche\melocni01,4.3418446
1027,Artem Zub\zubar01,4.3488894
846,Damon Severson\severda01,4.3498144
655,Colin Miller\milleco02,4.3524776
620,Mike Matheson\mathemi01,4.361415
1018,Nikita Zaitsev\zaitsni01,4.361647
684,Aaron Ness\nessaa01,4.365907
759,Brandon Pirri\pirribr01,4.3675575
823,Scott Sabourin\sabousc01,4.3681874
828,Steven Santini\santist01,4.372909
668,Josh Morrissey\morrijo04,4.3751035
48,Matt Bartkowski\bartkma01,4.378157
997,Yannick Weber\weberya01,4.3815064
902,Riley Stillman\stillri01,4.384148
662,Brandon Montour\montobr01,4.386175
127,Kyle Burroughs\burroky01,4.3864837
741,Matthew Peca\pecama01,4.3877196
218,Anthony DeAngelo\deangan01,4.3878026
3,Kenny Agostino\agostke01,4.3912024
794,Juuso Riikola\riikoju01,4.3957686
1008,Christian Wolanin\wolanch01,4.4005923
20,Rasmus Andersson\anderra01,4.4021544
503,Matt Kiersted\kiersma01,4.4023156
876,Ty Smith\smithty01,4.403932
344,Alex Goligoski\goligal01,4.4139805
919,Ryan Suter\suterry01,4.4185834
869,Brendan Smith\smithbr05,4.431172
787,Sheldon Rempal\rempash01,4.4332104
268,Ryan Ellis\ellisry01,4.4334593
75,Jacob Bernard-Docker\bernaja01,4.4362283
448,Christian Jaros\jarosch01,4.4422956
153,Cody Ceci\cecico01,4.449589
694,Stefan Noesen\noesest01,4.4657054
578,Hampus Lindholm\lindhha01,4.4704957
613,John Marino\marinjo01,4.4724016
862,Radim Simek\simekra01,4.47249
466,Zachary Jones\jonesza01,4.4745445
217,Jean-Sebastien Dea\deaje01,4.48935
858,Jonas Siegenthaler\siegejo01,4.4961686
406,Ville Heinola\heinovi01,4.4989986
709,Jamie Oleksiak\oleksja01,4.5037274
309,Mark Friedman\friedma01,4.5061173
789,Tarmo Reunanen\reunata01,4.506297
489,Ondrej Kase\kaseon01,4.5075564
241,Sheldon Dries\driessh01,4.507876
280,David Farrance\farrada01,4.5231433
97,Andreas Borgman\borgman01,4.523842
731,Brinson Pasichnuk\pasicbr01,4.527942
232,Christian Djoos\djoosch01,4.5290375
497,Parker Kelly\kellypa01,4.5426173
10,Olle Alsing\alsinol01,4.552643
952,Dominic Toninato\tonindo01,4.5573077
870,C.J. Smith\smithcj01,4.5619836
101,Madison Bowey\boweyma01,4.5639687
310,Martin Frk\frkma01,4.5767617
534,Oliver Kylington\kylinol01,4.5811443
373,Erik Gustafsson\gustaer02,4.58518
430,Filip Hronek\hronefi01,4.5856023
707,Jordan Oesterle\oestejo01,4.589502
914,P.K. Subban\subbapk01,4.592511
749,Nic Petan\petanni01,4.598952
625,Charlie McAvoy\mcavoch01,4.6030135
36,Kevin Bahl\bahlke01,4.604297
38,Justin Bailey\baileju01,4.6060834
338,Dennis Gilbert\gilbede01,4.606512
654,Sonny Milano\milanso01,4.607705
988,Daniel Walcott\walcoda01,4.6096096
315,Jonah Gadjovich\gadjojo01,4.609938
5,Jack Ahcan\ahcanja01,4.611847
508,Slater Koekkoek\koekksl01,4.613346
871,Cole Smith\smithco02,4.6280084
281,Hudson Fasching\faschhu01,4.64013
354,A.J. Greer\greeraj01,4.6419024
650,Jacob Middleton\middlja01,4.648555
673,Jake Muzzin\muzzija01,4.656895
458,Reese Johnson\johnsre01,4.6600943
110,Guillaume Brisebois\brisegu01,4.660934
488,David Kase\kaseda01,4.671804
360,Matt Grzelcyk\grzelma01,4.6804934
474,Noah Juulsen\juulsno01,4.702881
250,Mathew Dumba\dumbama01,4.705864
137,Kyle Capobianco\capobky01,4.706086
762,Austin Poganski\poganau01,4.710533
572,Timothy Liljegren\liljeti01,4.7113914
493,Brady Keeper\keepebr01,4.7249446
796,Rasmus Ristolainen\ristora01,4.731706
845,Mikhail Sergachev\sergami01,4.7467923
15,Joey Anderson\anderjo08,4.7485394
265,Mattias Ekholm\ekholma01,4.749568
844,Zachary Senyshyn\senysza01,4.7513056
61,Louis Belpedio\belpelo01,4.7519193
208,Rasmus Dahlin\dahlira01,4.762919
771,Brogan Rafferty\raffebr01,4.7666116
929,Matt Tennyson\tennyma01,4.773267
296,Nick Foligno\foligni01,4.7759748
304,Cam Fowler\fowleca01,4.7865705
106,Erik Brannstrom\branner01,4.7882056
854,Kole Sherwood\sherwko01,4.7901287
754,Alex Pietrangelo\pietral01,4.794575
1022,Yegor Zamula\zamulye01,4.7957387
567,Otto Leskinen\leskiot01,4.7977033
941,Dmytro Timashov\timasdm01,4.8065634
162,Filip Chlapik\chlapfi01,4.814921
896,Oskar Steen\steenos01,4.818672
450,Jan Jenik\jenikja01,4.826196
465,Seth Jones\jonesse01,4.8271713
671,Brett Murray\murrabr02,4.834968
461,Ross Johnston\johnsro02,4.835176
8,Frederic Allard\allarfr01,4.8363605
1004,Colton White\whiteco03,4.84182
782,Alec Regula\regulal01,4.8511295
582,William Lockwood\lockwwi01,4.8528867
753,Matthew Phillips\phillma01,4.854104
1014,Cameron York\yorkca01,4.854384
651,Keaton Middleton\middlke01,4.8567147
675,Tyler Myers\myersty01,4.867124
970,Kristian Vesalainen\vesalkr01,4.8748655
0,Vitaly Abramov\abramvi01,4.875645
478,Arthur Kaliyev\kaliyar01,4.877121
626,Jake McCabe\mccabja01,4.877604
573,Kole Lind\lindko01,4.879785
2,Calen Addison\addisca01,4.8820076
755,Garrett Pilon\pilonga01,4.888309
548,Adam Larsson\larssad01,4.891539
119,Logan Brown\brownlo01,4.8915973
74,Lean Bergmann\bergmle01,4.897448
821,Drake Rymsha\rymshdr01,4.9014072
790,Justin Richards\richaju01,4.9251757
491,Martin Kaut\kautma01,4.9286075
520,Torey Krug\krugto01,4.9441943
378,Robert Hagg\haggro01,4.9474306
126,Brent Burns\burnsbr01,4.948268
758,Neal Pionk\pionkne01,4.953454
159,Ivan Chekhovich\chekhiv01,4.9563913
1013,Jesse Ylönen\yloneje01,4.958024
266,Oliver Ekman-Larsson\ekmanol01,4.9769173
996,Shea Weber\webersh01,4.9976077
840,Justin Schultz\schulju01,5.000573
556,Nick Leddy\leddyni01,5.0083237
252,Vince Dunn\dunnvi02,5.0141873
766,Ivan Provorov\provoiv01,5.023359
486,Erik Karlsson\karlser01,5.0444617
492,Joey Keane\keanejo01,5.053682
340,Samuel Girard\girarsa01,5.0539274
917,Maksim Sushko\sushkma01,5.0710807
800,Nicholas Robertson\roberni01,5.0799227
938,Tyce Thompson\thompty01,5.0925975
283,Justin Faulk\faulkju01,5.0956473
155,Thomas Chabot\chaboth01,5.095958
856,Drew Shore\shoredr01,5.097463
667,Samuel Morin\morinsa01,5.098321
885,Jared Spurgeon\spurgja01,5.1094522
311,Byron Froese\froesby01,5.120667
998,MacKenzie Weegar\weegama01,5.1358433
468,Pierre-Olivier Joseph\joseppi01,5.1452217
407,Miro Heiskanen\heiskmi01,5.1521034
583,Ryan Lomberg\lombery01,5.1527963
514,Klim Kostin\kostikl01,5.16223
112,Jonas Brodin\brodijo01,5.171003
973,Jimmy Vesey\veseyji02,5.192132
544,Patrik Laine\lainepa01,5.1925087
339,Mark Giordano\giordma01,5.209726
472,Olli Juolevi\juoleol01,5.2497764
595,Zack MacEwen\macewza01,5.2528386
1001,Zach Werenski\werenza01,5.267217
712,Dmitry Orlov\orlovdm01,5.275155
1012,Keith Yandle\yandlke01,5.2788634
303,Liam Foudy\foudyli01,5.30565
695,Joakim Nordstrom\nordsjo02,5.3219495
949,Devon Toews\toewsde01,5.324933
253,Josh Dunne\dunnejo01,5.3327937
879,Carl Soderberg\soderca01,5.3560643
418,Vinnie Hinostroza\hinosvi01,5.365482
94,Adam Boqvist\boqviad01,5.3659787
456,Jack Johnson\johnsja02,5.3992467
648,Victor Mete\metevi01,5.4041095
47,Morgan Barron\barromo01,5.411259
4,Andrew Agozzino\agozzan01,5.4390717
814,Patrick Russell\russepa01,5.4532123
692,Stefan Noesen\noesest01,5.4610405
693,Stefan Noesen\noesest01,5.4771605
592,Kurtis MacDermid\macdeku01,5.497162
203,Josh Currie\currijo01,5.4978695
434,Quinn Hughes\hughequ01,5.5065255
312,Michael Frolik\frolimi01,5.5452867
618,Alec Martinez\martial01,5.548824
579,Par Lindholm\lindhpa01,5.552723
793,Morgan Rielly\riellmo01,5.5539174
272,Loui Eriksson\erikslo01,5.557397
801,Buddy Robinson\robinbu01,5.593469
636,Connor McMichael\mcmicco01,5.596916
132,Nicholas Caamano\caamani01,5.629813
237,Drew Doughty\doughdr01,5.63504
933,Shea Theodore\theodsh01,5.6525617
600,Philippe Maillet\maillph01,5.6572776
204,Austin Czarnik\czarnau01,5.6600432
336,Timothy Gettinger\gettiti01,5.6698895
21,Andy Andreoff\andrean01,5.6818166
864,Dominik Simon\simondo01,5.6819654
807,Antoine Roussel\roussan01,5.718695
539,Sam Lafferty\laffesa01,5.720634
100,Evan Bouchard\bouchev01,5.7313595
330,Frederik Gauthier\gauthfr01,5.7445703
792,Tobias Rieder\riedeto01,5.7470927
305,Adam Fox\foxad01,5.752229
216,Chase De Leo\deleoch01,5.759957
120,Patrick Brown\brownpa02,5.765374
638,Jayson Megna\megnaja01,5.7934804
62,Alex Belzile\belzial01,5.7987065
701,Joakim Nygard\nygarjo01,5.806283
808,Carter Rowney\rowneca01,5.8072305
916,Antti Suomela\suomean01,5.819196
156,Michael Chaput\chapumi01,5.821231
564,Brendan Lemieux\lemiebr01,5.824731
664,Brandon Montour\montobr01,5.847021
470,Roman Josi\josiro01,5.8548737
756,Brian Pinho\pinhobr01,5.860744
847,Michael Sgarbossa\sgarbmi01,5.862658
569,Vinni Lettieri\lettivi01,5.8638825
781,Ryan Reaves\reavery01,5.872251
506,John Klingberg\klingjo01,5.8835516
699,Darnell Nurse\nurseda01,5.88742
432,Cameron Hughes\hugheca01,5.8942614
725,Richard Panik\panikri01,5.899302
52,Gavin Bayreuther\bayrega01,5.901753
603,Sean Malone\malonse01,5.91122
388,Dougie Hamilton\hamildo01,5.913219
874,Givani Smith\smithgi01,5.931329
629,Max McCormick\mccorma01,5.9352174
991,Lucas Wallmark\wallmlu01,5.937597
649,Marc Michaelis\michama01,5.945402
633,Greg McKegg\mckeggr01,5.951369
346,Shayne Gostisbehere\gostish01,5.9549317
995,Austin Watson\watsoau01,5.969952
992,Lucas Wallmark\wallmlu01,5.973631
180,Andrew Cogliano\coglian01,5.9935203
986,Chris Wagner\wagnech01,6.003636
12,Michael Amadio\amadimi01,6.005802
386,Taylor Hall\hallta02,6.008211
959,Carsen Twarynski\twaryca01,6.018867
993,Lucas Wallmark\wallmlu01,6.027639
369,Nikita Gusev\gusevni01,6.031981
115,Adam Brooks\brookad01,6.036668
628,Michael McCarron\mccarmi01,6.0393634
313,Morgan Frost\frostmo01,6.044462
229,Phillip Di Giuseppe\digiuph01,6.087458
538,Tanner Laczynski\laczyta01,6.0991464
371,David Gustafsson\gustada01,6.125186
13,Michael Amadio\amadimi01,6.1370616
779,Jack Rathbone\rathbja01,6.140341
14,Michael Amadio\amadimi01,6.152017
429,Brett Howden\howdebr01,6.1600285
517,Peyton Krebs\krebspe01,6.166145
956,Alexander True\trueal01,6.1767797
215,Jacob de La Rose\delarja01,6.197511
420,Taro Hirose\hirosta01,6.1994157
264,Aaron Ekblad\ekblaaa01,6.228598
435,Brad Hunt\huntbr01,6.2380886
599,Josh Mahura\mahurjo01,6.238221
817,Adam Ruzicka\ruzicad01,6.240004
151,Jackson Cates\catesja01,6.269039
408,Darren Helm\helmda01,6.275211
333,Glenn Gawdin\gawdigl01,6.2770505
842,Tyler Seguin\seguity01,6.283814
899,Mitchell Stephens\stephmi01,6.28762
123,Connor Bunnaman\bunnaco01,6.334653
163,Sasha Chmelevski\chmelal01,6.356813
140,Gabriel Carlsson\carlsga01,6.361696
596,Ryan MacInnis\macinry01,6.3689127
165,Jakob Chychrun\chychja01,6.3698688
659,Ian Mitchell\mitchia01,6.371183
710,Mathieu Olivier\olivima01,6.3715787
568,Kris Letang\letankr01,6.387526
704,Drew O'Connor\oconndr01,6.3938613
873,Gemel Smith\smithge02,6.395242
335,Nathan Gerbe\gerbena01,6.399283
88,Joachim Blichfeld\blichjo01,6.399291
164,Dennis Cholowski\cholode01,6.4006276
79,Anthony Bitetto\bitetan01,6.400987
129,Quinton Byfield\byfiequ01,6.4014
393,Mike Hardman\hardmmi01,6.4213514
1026,Radim Zohorna\zohorra01,6.4480667
635,Ryan McLeod\mcleory01,6.452765
390,Fredrik Händemark\handefr01,6.4607987
760,Rem Pitlick\pitlire01,6.46688
509,Mikko Koivu\koivumi01,6.4776134
968,Joseph Veleno\velenjo01,6.494568
368,Nikita Gusev\gusevni01,6.4952927
1,Noel Acciari\acciano01,6.500029
319,Alex Galchenyuk\galchal01,6.5042353
78,Clark Bishop\bishocl01,6.508754
530,Rasmus Kupari\kuparra01,6.5364814
404,Victor Hedman\hedmavi01,6.5381026
683,Patrik Nemeth\nemetpa01,6.5386577
173,Kyle Clifford\cliffky01,6.5396066
308,Mark Friedman\friedma01,6.555967
686,Alex Newhook\newhoal01,6.5583973
134,Drake Caggiula\caggidr01,6.568684
853,Kiefer Sherwood\sherwki01,6.5721965
898,Derek Stepan\stepade01,6.586584
46,Tyson Barrie\barrity01,6.6040893
186,Blake Comeau\comeabl01,6.6250086
985,Austin Wagner\wagneau01,6.628747
511,Leo Komarov\komarle01,6.6377525
179,Dylan Coghlan\coghldy01,6.657474
750,Jeff Petry\petryje01,6.6651015
563,Brendan Lemieux\lemiebr01,6.670868
306,Trent Frederic\fredetr01,6.6734962
403,Barrett Hayton\haytoba01,6.677595
881,Marcus Sorensen\sorenma01,6.6785517
396,Scott Harrington\harrisc01,6.6798944
601,Cale Makar\makarca01,6.684199
139,John Carlson\carlsjo01,6.692515
880,Victor Soderstrom\sodervi01,6.6965165
247,Pierre-Luc Dubois\duboipi01,6.715022
144,Connor Carrick\carrico01,6.7186904
226,Grigori Denisenko\denisgr01,6.7278366
410,Aleksi Heponiemi\heponal01,6.7455654
728,Cedric Paquette\paquece01,6.7544427
7,Sebastian Aho\ahose02,6.7629194
114,Mathias Brome\bromema01,6.7722125
323,Rhett Gardner\gardnrh01,6.773278
401,John Hayden\haydejo01,6.7780366
566,John Leonard\leonajo01,6.7889657
292,Steven Fogarty\fogarst01,6.796096
271,Mackenzie Entwistle\entwima01,6.8244505
926,Vladimir Tarasenko\tarasvl01,6.8323007
209,Michael Dal Colle\dalcomi01,6.839604
135,Drake Caggiula\caggidr01,6.8404264
536,Joel L'Esperance\lespejo01,6.855726
449,Tanner Jeannot\jeannta01,6.8634076
621,Stefan Matteau\mattest02,6.8652196
243,Jamie Drysdale\drysdja01,6.868388
81,Anders Bjork\bjorkan01,6.8887057
469,Dakota Joshua\joshuda01,6.9294024
228,Nicolas Deslauriers\deslani01,6.934991
298,Nolan Foote\footeno01,6.9564953
202,Lawson Crouse\crousla01,6.963009
104,Travis Boyd\boydtr01,6.9711356
587,Matt Luff\luffma01,6.9821906
370,Nikita Gusev\gusevni01,6.998781
531,Sean Kuraly\kuralse01,7.0010505
32,Nicolas Aube-Kubel\aubekni01,7.002715
1021,Travis Zajac\zajactr01,7.0115905
860,Dylan Sikura\sikurdy01,7.0217996
377,Carl Hagelin\hagelca01,7.0275397
149,Jeff Carter\carteje01,7.053876
295,Nick Foligno\foligni01,7.0623956
89,Anton Blidh\blidhan01,7.062819
383,Jani Hakanpaa\hakanja01,7.072481
337,Ryan Getzlaf\getzlry01,7.093945
689,Frans Nielsen\nielsfr01,7.1031184
446,Mattias Janmark\janmama02,7.106191
480,David Kampf\kampfda01,7.1075044
50,Nathan Bastian\bastina01,7.1170793
175,Cal Clutterbuck\cluttca01,7.1485057
516,Vitali Kravtsov\kravtvi01,7.1847215
617,Matt Martin\martima02,7.1994343
612,Mason Marchment\marchma01,7.211441
343,Luke Glendening\glendlu01,7.2151995
597,Connor Mackey\mackeco01,7.2296224
989,Nathan Walker\walkena01,7.2316685
113,Jonny Brodzinski\brodzjo01,7.233644
594,Mackenzie MacEachern\maceama01,7.249313
278,Radek Faksa\faksara01,7.253199
496,Joel Kellman\kellmjo01,7.269519
394,Jansen Harkins\harkija01,7.3025846
192,Brett Connolly\connobr01,7.318326
457,Luke Johnson\johnslu01,7.3347163
331,Julien Gauthier\gauthju01,7.339294
866,Jeff Skinner\skinnje01,7.341437
911,Jack Studnicka\studnja01,7.3439693
490,Zack Kassian\kassiza01,7.353347
133,Drake Caggiula\caggidr01,7.359092
327,Adam Gaudette\gaudead01,7.381915
677,Riley Nash\nashri02,7.40181
819,Derek Ryan\ryande01,7.4242506
22,Anthony Angello\angelan01,7.4261475
778,Michael Rasmussen\rasmumi01,7.429538
522,Karson Kuhlman\kuhlmka01,7.450198
742,Lane Pederson\pederla01,7.4765143
355,Noah Gregor\gregono01,7.4772253
976,Jake Virtanen\virtaja01,7.484751
774,Michael Raffl\rafflmi01,7.503801
27,Viktor Arvidsson\arvidvi01,7.504906
910,Marian Studenic\studema01,7.5074186
953,Yakov Trenin\treniya01,7.523196
413,Matthew Highmore\highmma01,7.5295553
220,Jake DeBrusk\debruja01,7.5452704
641,Nicholas Merkley\merklni01,7.554989
275,Jake Evans\evansja02,7.580365
619,Jordan Martinook\martijo01,7.590991
727,Cedric Paquette\paquece01,7.5923114
971,Jimmy Vesey\veseyji02,7.596027
290,Haydn Fleury\fleurha01,7.5970845
724,Richard Panik\panikri01,7.599328
834,Colton Sceviour\scevico01,7.5994396
818,Bobby Ryan\ryanbo01,7.6061954
326,Adam Gaudette\gaudead01,7.6129403
791,Brad Richardson\richabr02,7.6176696
287,Christian Fischer\fischch01,7.6359005
239,Justin Dowling\dowliju01,7.6385293
56,Nicolas Beaudin\beaudni01,7.646494
565,Brendan Lemieux\lemiebr01,7.6950245
761,Tyler Pitlick\pitlity01,7.697509
53,Jay Beagle\beaglja01,7.705155
398,Garnet Hathaway\hathaga01,7.7070775
142,Ryan Carpenter\carpery01,7.710138
436,Dryden Hunt\huntdr01,7.716436
60,Kieffer Bellows\belloki01,7.7169385
510,Keegan Kolesar\koleske01,7.7280064
614,Patrick Marleau\marlepa01,7.731957
723,Richard Panik\panikri01,7.7421994
63,Emil Bemstrom\bemstem01,7.7546153
797,Brett Ritchie\ritchbr01,7.76703
69,Sam Bennett\bennesa01,7.7771826
726,Cedric Paquette\paquece01,7.785022
405,Danton Heinen\heineda01,7.788649
294,Nick Foligno\foligni01,7.796564
307,Mark Friedman\friedma01,7.8026834
502,Jujhar Khaira\khairju01,7.8095655
375,Gaetan Haas\haasga01,7.813213
210,Zac Dalpe\dalpeza01,7.819585
773,Michael Raffl\rafflmi01,7.826357
584,Steven Lorentz\lorenst01,7.8316884
772,Michael Raffl\rafflmi01,7.840212
80,Anders Bjork\bjorkan01,7.847514
887,Eric Staal\staaler01,7.853119
861,Jakob Silfverberg\silfvja01,7.8650556
738,Nick Paul\paulni01,7.868585
350,Tyler Graovac\graovty01,7.8708253
76,Tyler Bertuzzi\bertuty01,7.877893
25,Josh Archibald\archijo01,7.878846
721,Kyle Palmieri\palmiky01,7.8974223
616,Pat Maroon\maroopa01,7.9050655
223,Ty Dellandrea\dellaty01,7.9185843
708,Kyle Okposo\okposky01,7.9397774
145,Sam Carrick\carrisa01,7.960374
765,Nate Prosser\prossna01,7.966946
325,Adam Gaudette\gaudead01,7.986185
571,Trevor Lewis\lewistr01,7.9917197
581,Blake Lizotte\lizotbl01,8.016224
328,Frederick Gaudreau\gaudrfr01,8.022508
263,Jack Eichel\eicheja01,8.029581
82,Anders Bjork\bjorkan01,8.031907
349,Derek Grant\grantde01,8.060279
937,Tage Thompson\thompta01,8.082509
980,Alexander Volkov\volkoal01,8.104563
479,Wyatt Kalynuk\kalynwy01,8.112773
863,Wayne Simmonds\simmowa01,8.116457
258,Cody Eakin\eakinco01,8.120339
936,Nate Thompson\thompna01,8.126667
460,Andreas Johnsson\johnsan01,8.128417
257,Ryan Dzingel\dzingry01,8.129104
464,Max Jones\jonesma03,8.159376
850,Andrew Shaw\shawan01,8.164861
300,Alex Formenton\formeal01,8.176524
886,Eric Staal\staaler01,8.188029
242,Jonathan Drouin\drouijo01,8.206499
730,Zach Parise\parisza01,8.210204
199,Dylan Cozens\cozendy01,8.215728
979,Alexander Volkov\volkoal01,8.216891
705,Logan O'Connor\oconnlo01,8.2234125
191,Brett Connolly\connobr01,8.225548
400,Jayce Hawryluk\hawryja01,8.229598
555,Curtis Lazar\lazarcu01,8.232586
757,Shane Pinto\pintosh01,8.234712
23,Artem Anisimov\anisiar01,8.260148
737,Nolan Patrick\patrino01,8.264059
45,Alex Barre-Boulet\barreal01,8.264433
740,Tanner Pearson\pearsta01,8.279628
932,Alexandre Texier\texieal01,8.284417
676,Vladislav Namestnikov\namesvl01,8.289142
316,Sam Gagner\gagnesa01,8.297452
589,Eetu Luostarinen\luostee01,8.307808
958,Kyle Turris\turriky01,8.339634
40,Alexander Barabanov\barabal01,8.37567
1024,Trevor Zegras\zegratr01,8.422286
359,Carl Grundstrom\grundca01,8.42709
888,Eric Staal\staaler01,8.42727
33,David Backes\backeda01,8.454201
775,Rickard Rakell\rakelri01,8.474271
317,Alex Galchenyuk\galchal01,8.474518
235,Ryan Donato\donatry01,8.475913
152,Cole Caufield\caufico01,8.497452
1011,Kailer Yamamoto\yamamka01,8.559048
190,Brett Connolly\connobr01,8.575667
195,Nick Cousins\cousini01,8.576404
678,James Neal\nealja01,8.609184
19,Lias Andersson\anderli01,8.614555
451,Boone Jenner\jennebo01,8.616577
1016,Filip Zadina\zadinfi01,8.628358
545,Juho Lammikko\lammiju01,8.649612
415,Matthew Highmore\highmma01,8.672984
669,Tyler Motte\mottety01,8.682534
558,Artturi Lehkonen\lehkoar01,8.691293
345,Barclay Goodrow\goodrba01,8.699539
537,Kevin Labanc\labanke01,8.719447
147,William Carrier\carriwi01,8.752149
812,Arttu Ruotsalainen\ruotsar01,8.7717495
206,Kirby Dach\dachki01,8.808061
318,Alex Galchenyuk\galchal01,8.810932
500,Tanner Kero\kerota01,8.845877
9,Wade Allison\alliswa01,8.848298
198,Charlie Coyle\coylech01,8.860128
42,Alexander Barabanov\barabal01,8.888163
85,Nick Bjugstad\bjugsni01,8.897043
547,Dylan Larkin\larkidy01,8.902756
639,Timo Meier\meierti01,8.9041
609,Anthony Mantha\manthan01,8.910907
26,Joel Armia\armiajo01,8.9144
690,Matthew Nieto\nietoma01,8.915187
103,Travis Boyd\boydtr01,8.944636
230,Jason Dickinson\dickija01,8.948539
321,Dylan Gambrell\gambrdy01,8.949618
805,Kevin Rooney\rooneke01,8.962266
39,Rudolfs Balcers\balceru01,9.021523
334,Morgan Geekie\geekimo01,9.0217
915,Oskar Sundqvist\sundqos01,9.042939
356,Mikhail Grigorenko\grigomi01,9.044108
875,Reilly Smith\smithre01,9.061211
342,Cody Glass\glassco01,9.0701275
588,Isac Lundestrom\lundeis01,9.092603
972,Jimmy Vesey\veseyji02,9.094764
416,Vinnie Hinostroza\hinosvi01,9.103615
770,Alexander Radulov\radulal01,9.121303
562,Josh Leivo\leivojo01,9.132694
31,Cam Atkinson\atkinca01,9.161093
270,Tyler Ennis\ennisty01,9.224907
95,Jesper Boqvist\boqvije01,9.23758
720,Kyle Palmieri\palmiky01,9.246011
923,Evgeny Svechnikov\svechev01,9.248884
248,Matt Duchene\duchema01,9.266454
515,Jesperi Kotkaniemi\kotkaje01,9.283352
747,Corey Perry\perryco01,9.286389
471,Tyson Jost\jostty01,9.293019
256,Ryan Dzingel\dzingry01,9.324322
385,Taylor Hall\hallta02,9.336177
168,Casey Cizikas\cizikca01,9.341347
148,Jeff Carter\carteje01,9.392217
652,Ilya Mikheyev\mikheil01,9.393099
211,Phillip Danault\danauph01,9.398487
924,Brandon Tanev\tanevbr01,9.411999
234,Max Domi\domima01,9.425457
427,Patric Hornqvist\hornqpa01,9.434381
34,Mikael Backlund\backlmi01,9.436798
73,Patrice Bergeron\bergepa01,9.461168
29,Zach Aston-Reese\astonza01,9.473943
604,Mikhail Maltsev\maltsmi01,9.506343
417,Vinnie Hinostroza\hinosvi01,9.513487
719,Kyle Palmieri\palmiky01,9.515757
443,Mark Jankowski\jankoma01,9.521734
931,Troy Terry\terrytr01,9.539843
877,Carl Soderberg\soderca01,9.573258
387,Taylor Hall\hallta02,9.603122
897,Kevin Stenlund\stenlke01,9.62009
367,Denis Gurianov\guriade01,9.620637
269,Pierre Engvall\engvapi01,9.644866
43,Ivan Barbashev\barbaiv01,9.647445
399,Erik Haula\haulaer01,9.649837
505,Joel Kiviranta\kivirjo01,9.65199
475,Nazem Kadri\kadrina01,9.661922
131,Paul Byron\byronpa01,9.674354
207,Evgenii Dadonov\dadonev01,9.696282
554,Curtis Lazar\lazarcu01,9.703358
984,Jakub Vrana\vranaja01,9.704543
608,Anthony Mantha\manthan01,9.725857
249,Anthony Duclair\duclaan01,9.730185
851,Riley Sheahan\sheahri01,9.742477
551,Scott Laughton\laughsc01,9.743821
477,Kaapo Kakko\kakkoka01,9.744499
353,Jordan Greenway\greenjo02,9.751295
255,Ryan Dzingel\dzingry01,9.753527
421,Nico Hischier\hischni01,9.783115
550,Johan Larsson\larssjo02,9.7852
441,Alex Iafallo\iafalal01,9.788943
553,Curtis Lazar\lazarcu01,9.791064
632,Brock McGinn\mcginbr01,9.792103
987,Oliver Wahlstrom\wahlsol01,9.796427
865,Colton Sissons\sissoco01,9.808012
521,Dominik Kubalík\kubaldo01,9.816466
59,Pierre-Edouard Bellemare\bellepi01,9.828271
108,Jesper Bratt\brattje01,9.849227
935,Robert Thomas\thomaro01,9.852214
574,Oskar Lindblom\lindbos01,9.854676
895,Sam Steel\steelsa01,9.855302
376,Brandon Hagel\hagelbr01,9.864466
810,Nicolas Roy\royni01,9.877186
855,Devin Shore\shorede01,9.892901
947,Brady Tkachuk\tkachbr01,9.910456
826,Zach Sanford\sanfoza01,9.938246
102,Travis Boyd\boydtr01,9.946331
64,Jamie Benn\bennja01,9.956251
687,Valeri Nichushkin\nichuva01,9.956253
150,Jeff Carter\carteje01,9.964982
105,Tyler Bozak\bozakty01,9.970813
586,Milan Lucic\lucicmi01,9.971544
498,Adrian Kempe\kempead01,9.978719
301,Filip Forsberg\forsbfi01,9.979839
161,Alex Chiasson\chiasal01,9.9892025
920,Brandon Sutter\suttebr03,10.01993
767,Jesse Puljujarvi\puljuje01,10.025237
978,Alexander Volkov\volkoal01,10.025519
124,Michael Bunting\buntimi01,10.028804
798,Nick Ritchie\ritchni01,10.029818
1029,Jason Zucker\zuckeja01,10.031354
532,Philipp Kurashev\kurasph01,10.034571
70,Sam Bennett\bennesa01,10.038486
946,Owen Tippett\tippeow01,10.045937
607,Anthony Mantha\manthan01,10.051419
666,Trevor Moore\mooretr01,10.056244
357,Rocco Grimaldi\grimaro01,10.077922
803,Evan Rodrigues\rodriev01,10.087044
397,Ryan Hartman\hartmry01,10.099458
841,Jaden Schwartz\schwaja01,10.106336
967,Frank Vatrano\vatrafr01,10.108716
908,Dylan Strome\stromdy01,10.112997
930,Teuvo Teravainen\teravte01,10.127794
453,Ryan Johansen\johanry01,10.140282
543,Patrik Laine\lainepa01,10.141828
184,Blake Coleman\colembl01,10.165046
246,Pierre-Luc Dubois\duboipi01,10.185872
324,Conor Garland\garlaco01,10.220689
634,Michael McLeod\mcleomi01,10.228529
291,Warren Foegele\foegewa01,10.229954
18,Jaret Anderson-Dolan\anderja01,10.239949
274,Adam Erne\ernead01,10.243678
320,Brendan Gallagher\gallabr01,10.296402
87,Sammy Blais\blaissa01,10.331972
238,Nic Dowd\dowdni01,10.343636
802,Eric Robinson\robiner01,10.346925
90,Teddy Blueger\bluegte01,10.348103
166,Filip Chytil\chytifi01,10.38289
1003,Colin White\whiteco02,10.390382
68,Sam Bennett\bennesa01,10.390557
717,Jean-Gabriel Pageau\pageaje01,10.395476
557,Anders Lee\leean01,10.398606
28,Rasmus Asplund\asplura01,10.401642
454,Marcus Johansson\johanma03,10.415524
872,Craig Smith\smithcr01,10.420181
476,Dominik Kahun\kahundo01,10.438974
167,Anthony Cirelli\cirelan01,10.442413
445,Mattias Janmark\janmama02,10.456387
444,Mattias Janmark\janmama02,10.463259
245,Pierre-Luc Dubois\duboipi01,10.467664
711,Victor Olofsson\olofsvi01,10.477248
528,Luke Kunin\kuninlu01,10.493933
939,Joe Thornton\thornjo01,10.499316
259,Jordan Eberle\eberljo01,10.511126
519,David Krejci\krejcda01,10.511534
878,Carl Soderberg\soderca01,10.512519
940,Chris Tierney\tiernch01,10.520583
244,Dillon Dube\dubedi01,10.525704
838,Nick Schmaltz\schmani01,10.528606
424,Nils Hoglander\hoglani01,10.546781
282,Jesper Fast\fastje01,10.564227
37,Josh Bailey\bailejo01,10.569004
715,Alex Ovechkin\ovechal01,10.570177
698,Ryan Nugent-Hopkins\nugenry01,10.572421
529,Janne Kuokkanen\kuokkja01,10.590336
751,Elias Pettersson\petteel01,10.595324
957,Alex Tuch\tuchal01,10.604973
697,Tomas Nosek\nosekto01,10.609135
912,Nico Sturm\sturmni01,10.611625
745,Mathieu Perreault\perrema01,10.631983
602,Evgeni Malkin\malkiev01,10.656136
459,Tyler Johnson\johnsty01,10.692188
951,Eeli Tolvanen\tolvaee01,10.697533
1010,Miles Wood\woodmi01,10.721342
447,Calle Jarnkrok\jarnkca01,10.74921
513,Anze Kopitar\kopitan01,10.756756
267,Lars Eller\ellerla01,10.771226
660,Casey Mittelstadt\mitteca01,10.782078
117,Dustin Brown\browndu01,10.791162
116,Connor Brown\brownco02,10.797398
58,Anthony Beauvillier\beauvan01,10.823313
107,Derick Brassard\brassde01,10.826268
30,Andreas Athanasiou\athanan01,10.829971
185,Ross Colton\coltoro01,10.833333
852,Conor Sheary\shearco01,10.861411
542,Patrik Laine\lainepa01,10.863074
922,Andrei Svechnikov\svechan01,10.882551
433,Jack Hughes\hugheja03,10.907403
499,Alexander Kerfoot\kerfoal01,10.921566
913,Tim Stützle\stuetti02,10.929584
93,Nick Bonino\boninni01,10.934023
409,Adam Henrique\henriad01,10.957321
402,Kevin Hayes\hayeske01,10.964525
927,Tomas Tatar\tatarto01,10.965279
732,David Pastrnak\pastrda01,11.020735
24,Mason Appleton\applema01,11.020987
918,Pius Suter\suterpi01,11.048855
533,Evgeny Kuznetsov\kuzneev01,11.0526705
196,Logan Couture\coutulo01,11.079688
504,Alex Killorn\killoal01,11.091711
893,Paul Stastny\stastpa01,11.096474
585,Adam Lowry\lowryad01,11.098593
718,Ondrej Palat\palaton01,11.100697
276,Robby Fabbri\fabbrro01,11.109865
679,Martin Necas\necasma01,11.159163
661,Sean Monahan\monahse01,11.185774
981,Jakub Voracek\voracja01,11.1990795
611,Jonathan Marchessault\audymjo01,11.206663
1006,Tom Wilson\wilsoto01,11.2100315
495,Clayton Keller\kellecl01,11.222851
187,J.T. Compher\comphj.01,11.226744
948,Matthew Tkachuk\tkachma01,11.231983
428,Bo Horvat\horvabo01,11.245037
285,Kevin Fiala\fialake01,11.255455
883,Jason Spezza\spezzja01,11.264491
688,Nino Niederreiter\niedeni01,11.280731
467,Mathieu Joseph\josepma01,11.281746
512,Travis Konecny\konectr01,11.2979355
16,Josh Anderson\anderjo05,11.2999325
884,Daniel Sprong\spronda01,11.335848
440,Zach Hyman\hymanza01,11.337797
482,Evander Kane\kaneev01,11.34085
194,Andrew Copp\coppan01,11.39637
975,Gabriel Vilardi\vilarga01,11.421475
86,Colin Blackwell\blackco01,11.491193
348,Mikael Granlund\granlmi01,11.500102
746,David Perron\perroda01,11.512342
49,Mathew Barzal\barzama01,11.555056
848,Yegor Sharangovich\sharaye01,11.555797
954,Vincent Trocheck\trochvi01,11.559197
1028,Mats Zuccarello\zuccama01,11.559908
680,Brock Nelson\nelsobr01,11.578062
1019,Travis Zajac\zajactr01,11.646059
411,Tomas Hertl\hertlto01,11.657877
487,William Karlsson\karlswi01,11.6634655
540,Alexis Lafreniere\lafreal01,11.664507
273,Joel Eriksson Ek\eriksjo02,11.66946
188,Max Comtois\comtoma01,11.674401
254,Christian Dvorak\dvorach01,11.722253
627,Jared McCann\mccanja01,11.735755
928,John Tavares\tavarjo01,11.763559
983,Jakub Vrana\vranaja01,11.770437
483,Patrick Kane\kanepa01,11.783805
716,Max Pacioretty\pacioma01,11.794812
51,Drake Batherson\bathedr01,11.79816
598,Nathan MacKinnon\mackina01,11.80147
286,Valtteri Filppula\filppva01,11.83975
347,Yanni Gourde\gourdya01,11.840328
1002,Blake Wheeler\wheelbl01,11.873369
83,Oliver Bjorkstrand\bjorkol01,11.932955
484,Kasperi Kapanen\kapanka01,11.939382
891,Steven Stamkos\stamkst01,11.966487
921,Nick Suzuki\suzukni01,11.970168
518,Chris Kreider\kreidch01,11.975836
1020,Travis Zajac\zajactr01,12.000799
969,Carter Verhaeghe\verhaca01,12.02158
696,Joshua Norris\norrijo01,12.027785
777,Victor Rask\raskvi01,12.0331745
836,Brayden Schenn\schenbr01,12.053782
122,Pavel Buchnevich\buchnpa01,12.05906
44,Aleksander Barkov\barkoal01,12.118139
702,William Nylander\nylanwi01,12.120613
423,Mike Hoffman\hoffmmi02,12.129566
889,Jordan Staal\staaljo01,12.143745
962,James van Riemsdyk\vanrija01,12.146384
605,Andrew Mangiapane\mangian01,12.16829
822,Brandon Saad\saadbr01,12.183333
656,J.T. Miller\millejt01,12.184192
91,Brock Boeser\boesebr01,12.189575
909,Ryan Strome\stromry01,12.201014
806,Jack Roslovic\rosloja01,12.204837
341,Claude Giroux\giroucl01,12.207632
739,Joe Pavelski\paveljo01,12.237461
293,Marcus Foligno\foligma01,12.249512
577,Elias Lindholm\lindhel01,12.253054
900,Chandler Stephenson\stephch02,12.28299
197,Sean Couturier\coutuse01,12.342516
419,Roope Hintz\hintzro01,12.359119
815,Bryan Rust\rustbr01,12.392731
1000,Alexander Wennberg\wennbal01,12.478355
535,Jordan Kyrou\kyroujo01,12.487524
236,Joonas Donskoi\donskjo01,12.516495
279,Joel Farabee\farabjo01,12.519222
706,Ryan O'Reilly\oreilry01,12.545404
950,Tyler Toffoli\toffoty01,12.552674
485,Kirill Kaprizov\kapriki01,12.596168
501,Phil Kessel\kesseph01,12.625788
799,Jason Robertson\roberja01,12.656054
1025,Mika Zibanejad\zibanmi01,12.6602335
722,Artemi Panarin\panarar01,12.693891
6,Sebastian Aho\ahose01,12.753277
329,Johnny Gaudreau\gaudrjo01,12.774361
546,Gabriel Landeskog\landega01,12.812229
1015,Pavel Zacha\zachapa01,12.878278
201,Sidney Crosby\crosbsi01,12.918439
786,Sam Reinhart\reinhsa01,12.988899
35,Nicklas Backstrom\backsni02,13.016319
262,Nikolaj Ehlers\ehlerni01,13.035572
713,T.J. Oshie\oshietj01,13.320848
982,Jakub Vrana\vranaja01,13.356605
193,Kyle Connor\connoky01,13.3992195
431,Jonathan Huberdeau\huberjo01,13.448687
763,Brayden Point\pointbr01,13.473987
125,Andre Burakovsky\burakan01,13.514585
365,Jake Guentzel\guentja01,13.647685
776,Mikko Rantanen\rantami01,13.680086
610,Brad Marchand\marchbr03,14.066028
219,Alex DeBrincat\debrial01,14.134511
835,Mark Scheifele\scheima01,14.205189
615,Mitch Marner\marnemi01,14.356888
622,Auston Matthews\matthau01,14.425823
904,Mark Stone\stonema01,14.747743
240,Leon Draisaitl\draisle01,15.207623
630,Connor McDavid\mcdavco01,16.613123
