,Player,SH2022
497,Parker Kelly\kellypa01,-0.04456323
237,Drew Doughty\doughdr01,-0.030246425
157,Zdeno Chara\charazd01,-0.023848657
478,Arthur Kaliyev\kaliyar01,-0.023301866
658,Kevan Miller\milleke03,-0.013719622
494,Duncan Keith\keithdu01,-0.00967088
176,Braydon Coburn\coburbr01,-0.008588646
796,Rasmus Ristolainen\ristora01,-0.007723402
99,Robert Bortuzzo\borturo01,-0.0075966977
225,Jason Demers\demerja01,-0.0074800625
177,Braydon Coburn\coburbr01,-0.0063769333
713,T.J. Oshie\oshietj01,-0.006152574
442,Matt Irwin\irwinma01,-0.0060361996
266,Oliver Ekman-Larsson\ekmanol01,-0.006035123
178,Braydon Coburn\coburbr01,-0.004071586
526,Dmitry Kulikov\kulikdm01,-0.0039572977
260,Alexander Edler\edleral01,-0.0032245182
829,David Savard\savarda01,-0.003088262
830,David Savard\savarda01,-0.002750609
450,Jan Jenik\jenikja01,-0.002452951
996,Shea Weber\webersh01,-0.0023826323
98,Mark Borowiecki\borowma01,-0.001542788
606,Josh Manson\mansojo01,-0.00086164474
456,Jack Johnson\johnsja02,-0.0007313825
890,Marc Staal\staalma01,-0.00016948208
781,Ryan Reaves\reavery01,-0.0001466386
384,Micheal Haley\haleymi01,0.00076116994
366,Carl Gunnarsson\gunnaca01,0.0019155219
425,Nick Holden\holdeni01,0.0025413819
67,Jordie Benn\bennjo01,0.002875451
160,Ben Chiarot\chiarbe01,0.004090082
189,Kevin Connauton\connake01,0.0044634677
525,Dmitry Kulikov\kulikdm01,0.004735101
481,Steven Kampfer\kampfst01,0.005095061
57,Nathan Beaulieu\beaulna01,0.005240962
364,Erik Gudbranson\gudbrer01,0.005396519
455,Erik Johnson\johnser01,0.0059530027
412,Thomas Hickey\hicketh01,0.005993936
544,Patrik Laine\lainepa01,0.0066658296
435,Brad Hunt\huntbr01,0.0069030784
363,Erik Gudbranson\gudbrer01,0.0075851865
811,Chad Ruhwedel\ruhwech01,0.0078412965
77,Alex Biega\biegaal01,0.009119216
486,Erik Karlsson\karlser01,0.009290606
527,Dmitry Kulikov\kulikdm01,0.009645153
296,Nick Foligno\foligni01,0.010151513
126,Brent Burns\burnsbr01,0.0101665
906,Anton Stralman\stralan01,0.010773987
48,Matt Bartkowski\bartkma01,0.011507157
118,Josh Brown\brownjo01,0.01163917
169,Fredrik Claesson\claesfr01,0.011871435
183,Ian Cole\coleia01,0.012246724
832,Luca Sbisa\sbisalu01,0.01233799
655,Colin Miller\milleco02,0.01275076
943,Jarred Tinordi\tinorja01,0.013083268
795,Zac Rinaldo\rinalza01,0.01313597
966,Sami Vatanen\vatansa01,0.013148982
79,Anthony Bitetto\bitetan01,0.013245989
997,Yannick Weber\weberya01,0.0132741295
765,Nate Prosser\prossna01,0.013418447
733,Greg Pateryn\patergr01,0.013887126
214,Calvin de Haan\dehaaca01,0.013946906
734,Greg Pateryn\patergr01,0.01416751
736,Greg Pateryn\patergr01,0.014208265
929,Matt Tennyson\tennyma01,0.014215574
92,Zach Bogosian\bogosza01,0.015029948
200,Joseph Cramarossa\cramajo01,0.015081894
944,Jarred Tinordi\tinorja01,0.015224315
849,Kevin Shattenkirk\shattke01,0.015302349
470,Roman Josi\josiro01,0.015318491
879,Carl Soderberg\soderca01,0.015336577
665,John Moore\moorejo01,0.015430432
171,Fredrik Claesson\claesfr01,0.015784081
684,Aaron Ness\nessaa01,0.015980098
831,David Savard\savarda01,0.016118828
222,Michael Del Zotto\delzomi01,0.016407574
626,Jake McCabe\mccabja01,0.016476136
109,Justin Braun\braunju01,0.01681675
703,Liam O'Brien\obrieli01,0.017154232
999,Andy Welinski\welinan01,0.01740992
919,Ryan Suter\suterry01,0.017430527
963,Trevor van Riemsdyk\vanritr01,0.017561842
362,Erik Gudbranson\gudbrer01,0.017573994
945,Jarred Tinordi\tinorja01,0.017754842
905,Michael Stone\stonemi01,0.017885532
11,Mark Alt\altma01,0.018036824
735,Greg Pateryn\patergr01,0.018044028
837,Luke Schenn\schenlu01,0.018163621
962,James van Riemsdyk\vanrija01,0.018185336
548,Adam Larsson\larssad01,0.018606756
212,Brandon Davidson\davidbr01,0.018830027
509,Mikko Koivu\koivumi01,0.01895954
250,Mathew Dumba\dumbama01,0.019059759
823,Scott Sabourin\sabousc01,0.019101746
592,Kurtis MacDermid\macdeku01,0.01912525
791,Brad Richardson\richabr02,0.019292388
624,Gerald Mayhew\mayhege01,0.01932611
570,Tyler Lewington\lewinty01,0.019465819
339,Mark Giordano\giordma01,0.019509898
344,Alex Goligoski\goligal01,0.019525267
681,Patrik Nemeth\nemetpa01,0.019779019
170,Fredrik Claesson\claesfr01,0.019837208
382,Jani Hakanpaa\hakanja01,0.019913327
205,Kevin Czuczman\czuczke01,0.020347048
578,Hampus Lindholm\lindhha01,0.020428725
939,Joe Thornton\thornjo01,0.020785827
461,Ross Johnston\johnsro02,0.020958155
590,Ilya Lyubushkin\lyubuil01,0.0213224
284,Mario Ferraro\ferrama01,0.021326903
136,Matt Calvert\calvema01,0.021452393
714,Xavier Ouellet\ouellxa01,0.021680038
374,Erik Gustafsson\gustaer02,0.02168382
623,Scott Mayfield\mayfisc01,0.021687943
395,Ben Harpur\harpube01,0.021748137
774,Michael Raffl\rafflmi01,0.02195717
759,Brandon Pirri\pirribr01,0.02230798
682,Patrik Nemeth\nemetpa01,0.022410568
143,Daniel Carr\carrda01,0.022509381
780,Kyle Rau\rauky01,0.022553928
685,Nikita Nesterov\nesteni01,0.022712309
3,Kenny Agostino\agostke01,0.023007412
1027,Artem Zub\zubar01,0.023021005
378,Robert Hagg\haggro01,0.023048677
769,Mark Pysyk\pysykma01,0.023130082
862,Radim Simek\simekra01,0.023198325
560,Mikko Lehtonen\lehtomi03,0.02344479
642,Dakota Mermis\mermida01,0.023579817
856,Drew Shore\shoredr01,0.023742337
561,Mikko Lehtonen\lehtomi03,0.02387033
439,Ben Hutton\huttobe01,0.023971789
788,Dan Renouf\renouda01,0.024101608
794,Juuso Riikola\riikoju01,0.025088917
454,Marcus Johansson\johanma03,0.02516139
241,Sheldon Dries\driessh01,0.02540585
637,Brayden McNabb\mcnabbr01,0.025595695
694,Stefan Noesen\noesest01,0.026019618
224,Dylan DeMelo\demeldy01,0.026055258
965,Sami Vatanen\vatansa01,0.026304357
490,Zack Kassian\kassiza01,0.02635564
747,Corey Perry\perryco01,0.026489306
988,Daniel Walcott\walcoda01,0.026522797
820,Joakim Ryan\ryanjo02,0.026828814
680,Brock Nelson\nelsobr01,0.026956592
741,Matthew Peca\pecama01,0.026989963
764,Tucker Poolman\poolmtu01,0.027047325
955,Jacob Trouba\troubja01,0.027133904
473,Tomas Jurco\jurcoto01,0.02742565
310,Martin Frk\frkma01,0.027558815
52,Gavin Bayreuther\bayrega01,0.027654681
843,Andrej Sekera\sekeran01,0.027830243
1021,Travis Zajac\zajactr01,0.02808069
127,Kyle Burroughs\burroky01,0.028122224
667,Samuel Morin\morinsa01,0.028154496
549,Jacob Larsson\larssja01,0.028430779
319,Alex Galchenyuk\galchal01,0.028450046
1017,Nikita Zadorov\zadorni01,0.02848769
809,Matt Roy\royma04,0.02866562
725,Richard Panik\panikri01,0.028669741
870,C.J. Smith\smithcj01,0.028730266
801,Buddy Robinson\robinbu01,0.028815653
850,Andrew Shaw\shawan01,0.028831553
914,P.K. Subban\subbapk01,0.028879367
217,Jean-Sebastien Dea\deaje01,0.02901854
977,Marc-Edouard Vlasic\vlasima01,0.02908095
1009,Christian Wolanin\wolanch01,0.029148526
314,Kurtis Gabriel\gabriku01,0.029173207
437,Ben Hutton\huttobe01,0.02918085
117,Dustin Brown\browndu01,0.029222641
304,Cam Fowler\fowleca01,0.029394086
96,William Borgen\borgewi01,0.029468477
542,Patrik Laine\lainepa01,0.029597402
891,Steven Stamkos\stamkst01,0.029645417
312,Michael Frolik\frolimi01,0.029690135
272,Loui Eriksson\erikslo01,0.02992848
678,James Neal\nealja01,0.02996244
124,Michael Bunting\buntimi01,0.02998406
507,Nikolai Knyzhov\knyzhni01,0.030406382
839,Nate Schmidt\schmina01,0.030420732
221,Danny DeKeyser\dekeyda01,0.030440222
299,Derek Forbort\forbode01,0.030637676
952,Dominic Toninato\tonindo01,0.030733358
902,Riley Stillman\stillri01,0.030850094
354,A.J. Greer\greeraj01,0.03109324
903,Riley Stillman\stillri01,0.031113748
438,Ben Hutton\huttobe01,0.031182244
422,Niklas Hjalmarsson\hjalmni01,0.031234566
828,Steven Santini\santist01,0.03132803
309,Mark Friedman\friedma01,0.03171919
888,Eric Staal\staaler01,0.03177588
645,Jonathon Merrill\merrijo01,0.03178377
41,Alexander Barabanov\barabal01,0.031810954
101,Madison Bowey\boweyma01,0.031959936
257,Ryan Dzingel\dzingry01,0.031968076
4,Andrew Agozzino\agozzan01,0.031989586
556,Nick Leddy\leddyni01,0.032129824
71,Matt Benning\bennima01,0.03226169
315,Jonah Gadjovich\gadjojo01,0.032303166
322,Jake Gardiner\gardija01,0.03237023
338,Dennis Gilbert\gilbede01,0.03243704
758,Neal Pionk\pionkne01,0.032580905
693,Stefan Noesen\noesest01,0.032662135
692,Stefan Noesen\noesest01,0.032733474
871,Cole Smith\smithco02,0.03275991
631,Ryan McDonagh\mcdonry01,0.032859907
934,Ben Thomas\thomabe01,0.0329522
33,David Backes\backeda01,0.03296425
389,Travis Hamonic\hamontr01,0.032970235
683,Patrik Nemeth\nemetpa01,0.033000108
752,Marcus Pettersson\pettema01,0.03301302
489,Ondrej Kase\kaseon01,0.03307707
787,Sheldon Rempal\rempash01,0.03317875
650,Jacob Middleton\middlja01,0.033247177
203,Josh Currie\currijo01,0.033336315
638,Jayson Megna\megnaja01,0.03336485
689,Frans Nielsen\nielsfr01,0.033440817
138,Brandon Carlo\carlobr01,0.033445053
854,Kole Sherwood\sherwko01,0.03344855
974,Jeffrey Viel\vielje01,0.033528425
814,Patrick Russell\russepa01,0.034007806
452,Nick Jensen\jenseni02,0.03403338
691,Sami Niku\nikusa01,0.03406612
381,Jani Hakanpaa\hakanja01,0.03417928
808,Carter Rowney\rowneca01,0.03442427
38,Justin Bailey\baileju01,0.034479868
621,Stefan Matteau\mattest02,0.034995098
373,Erik Gustafsson\gustaer02,0.03500588
97,Andreas Borgman\borgman01,0.03503495
346,Shayne Gostisbehere\gostish01,0.035168488
523,Dean Kukan\kukande01,0.03524379
465,Seth Jones\jonesse01,0.035365418
218,Anthony DeAngelo\deangan01,0.03541513
1018,Nikita Zaitsev\zaitsni01,0.035425197
749,Nic Petan\petanni01,0.035450716
493,Brady Keeper\keepebr01,0.035541315
488,David Kase\kaseda01,0.035609562
114,Mathias Brome\bromema01,0.03561007
506,John Klingberg\klingjo01,0.035611432
616,Pat Maroon\maroopa01,0.035680246
10,Olle Alsing\alsinol01,0.035724066
964,Sami Vatanen\vatansa01,0.03575849
21,Andy Andreoff\andrean01,0.035808433
771,Brogan Rafferty\raffebr01,0.035946477
1005,Zach Whitecloud\whiteza01,0.036172636
762,Austin Poganski\poganau01,0.036435254
654,Sonny Milano\milanso01,0.036436755
600,Philippe Maillet\maillph01,0.036490593
750,Jeff Petry\petryje01,0.03659312
213,Jeremy Davies\davieje01,0.03664437
770,Alexander Radulov\radulal01,0.036667313
281,Hudson Fasching\faschhu01,0.036699597
61,Louis Belpedio\belpelo01,0.036897685
141,Lucas Carlsson\carlslu01,0.0369247
773,Michael Raffl\rafflmi01,0.036925714
707,Jordan Oesterle\oestejo01,0.036979828
543,Patrik Laine\lainepa01,0.037043724
458,Reese Johnson\johnsre01,0.03705047
847,Michael Sgarbossa\sgarbmi01,0.037315246
139,John Carlson\carlsjo01,0.037353106
520,Torey Krug\krugto01,0.037644237
232,Christian Djoos\djoosch01,0.037759215
653,Niko Mikkola\mikkoni01,0.03789953
941,Dmytro Timashov\timasdm01,0.03792921
731,Brinson Pasichnuk\pasicbr01,0.038137518
508,Slater Koekkoek\koekksl01,0.038165983
204,Austin Czarnik\czarnau01,0.038211253
162,Filip Chlapik\chlapfi01,0.038311996
840,Justin Schultz\schulju01,0.038377162
907,Austin Strand\stranau01,0.038474634
51,Drake Batherson\bathedr01,0.03848807
559,Mikko Lehtonen\lehtomi03,0.03850392
567,Otto Leskinen\leskiot01,0.03851767
846,Damon Severson\severda01,0.038574
864,Dominik Simon\simondo01,0.038604077
593,Jacob MacDonald\macdoja02,0.038675625
628,Michael McCarron\mccarmi01,0.038681816
72,Simon Benoit\benoisi01,0.03868406
110,Guillaume Brisebois\brisegu01,0.03868879
1002,Blake Wheeler\wheelbl01,0.038719673
370,Nikita Gusev\gusevni01,0.038809534
579,Par Lindholm\lindhpa01,0.038830522
352,Andy Greene\greenan01,0.038872566
873,Gemel Smith\smithge02,0.038959127
901,Riley Stillman\stillri01,0.039104067
541,William Lagesson\lageswi01,0.039147694
640,Nicolas Meloche\melocni01,0.039327115
448,Christian Jaros\jarosch01,0.03949454
418,Vinnie Hinostroza\hinosvi01,0.03950995
231,Brenden Dillon\dillobr01,0.03953633
332,Vladislav Gavrikov\gavrivl01,0.039540753
358,Jordan Gross\grossjo01,0.03970235
1007,Christian Wolanin\wolanch01,0.039718136
137,Kyle Capobianco\capobky01,0.039839108
859,Jonas Siegenthaler\siegejo01,0.039927635
280,David Farrance\farrada01,0.039957304
15,Joey Anderson\anderjo08,0.04011452
885,Jared Spurgeon\spurgja01,0.040128663
743,Andrew Peeke\peekean01,0.040177945
951,Eeli Tolvanen\tolvaee01,0.040190425
361,Radko Gudas\gudasra01,0.040213007
668,Josh Morrissey\morrijo04,0.040317137
568,Kris Letang\letankr01,0.040343653
844,Zachary Senyshyn\senysza01,0.04037551
146,Alexandre Carrier\carrial01,0.04039642
1004,Colton White\whiteco03,0.040411565
1012,Keith Yandle\yandlke01,0.040677775
74,Lean Bergmann\bergmle01,0.04069969
651,Keaton Middleton\middlke01,0.040860098
614,Patrick Marleau\marlepa01,0.040897015
896,Oskar Steen\steenos01,0.040953044
8,Frederic Allard\allarfr01,0.04099186
20,Rasmus Andersson\anderra01,0.04100531
671,Brett Murray\murrabr02,0.041018844
926,Vladimir Tarasenko\tarasvl01,0.041096713
289,Haydn Fleury\fleurha01,0.04122792
664,Brandon Montour\montobr01,0.041306302
119,Logan Brown\brownlo01,0.041326232
821,Drake Rymsha\rymshdr01,0.041378085
858,Jonas Siegenthaler\siegejo01,0.041483622
572,Timothy Liljegren\liljeti01,0.04151156
857,Jonas Siegenthaler\siegejo01,0.041560583
158,Jalen Chatfield\chatfja01,0.04157834
534,Oliver Kylington\kylinol01,0.041579805
474,Noah Juulsen\juulsno01,0.04164721
144,Connor Carrick\carrico01,0.0416633
1023,Jakub Zboril\zborija01,0.041693255
739,Joe Pavelski\paveljo01,0.04180867
789,Tarmo Reunanen\reunata01,0.041876856
5,Jack Ahcan\ahcanja01,0.04203219
755,Garrett Pilon\pilonga01,0.042120382
330,Frederik Gauthier\gauthfr01,0.042131368
582,William Lockwood\lockwwi01,0.042177834
0,Vitaly Abramov\abramvi01,0.042263415
753,Matthew Phillips\phillma01,0.042297333
277,Dante Fabbro\fabbrda01,0.04271366
156,Michael Chaput\chapumi01,0.0427497
120,Patrick Brown\brownpa02,0.042796325
62,Alex Belzile\belzial01,0.04286218
89,Anton Blidh\blidhan01,0.042898376
695,Joakim Nordstrom\nordsjo02,0.043138552
192,Brett Connolly\connobr01,0.04315072
500,Tanner Kero\kerota01,0.043239374
790,Justin Richards\richaju01,0.043347944
881,Marcus Sorensen\sorenma01,0.043519545
140,Gabriel Carlsson\carlsga01,0.043748006
268,Ryan Ellis\ellisry01,0.043811634
721,Kyle Palmieri\palmiky01,0.04391138
1008,Christian Wolanin\wolanch01,0.044001434
216,Chase De Leo\deleoch01,0.04410107
724,Richard Panik\panikri01,0.04410902
491,Martin Kaut\kautma01,0.04412461
874,Givani Smith\smithgi01,0.04430184
360,Matt Grzelcyk\grzelma01,0.044441402
210,Zac Dalpe\dalpeza01,0.044446755
134,Drake Caggiula\caggidr01,0.044552546
569,Vinni Lettieri\lettivi01,0.044569355
66,Jordie Benn\bennjo01,0.04468472
75,Jacob Bernard-Docker\bernaja01,0.0448363
524,Brett Kulak\kulakbr01,0.04493115
414,Matthew Highmore\highmma01,0.04493972
53,Jay Beagle\beaglja01,0.044947166
960,Urho Vaakanainen\vaakaur01,0.04507458
603,Sean Malone\malonse01,0.04516801
229,Phillip Di Giuseppe\digiuph01,0.045226138
391,Noah Hanifin\hanifno01,0.04528808
728,Cedric Paquette\paquece01,0.045415904
1013,Jesse Ylönen\yloneje01,0.045489933
503,Matt Kiersted\kiersma01,0.045831528
916,Antti Suomela\suomean01,0.045934137
153,Cody Ceci\cecico01,0.046063602
155,Thomas Chabot\chaboth01,0.046153687
23,Artem Anisimov\anisiar01,0.04618196
472,Olli Juolevi\juoleol01,0.046191167
573,Kole Lind\lindko01,0.046396
208,Rasmus Dahlin\dahlira01,0.046411164
492,Joey Keane\keanejo01,0.046474535
768,Ryan Pulock\pulocry01,0.046614915
643,Jonathon Merrill\merrijo01,0.046638127
779,Jack Rathbone\rathbja01,0.046690386
917,Maksim Sushko\sushkma01,0.046797946
1022,Yegor Zamula\zamulye01,0.046939798
599,Josh Mahura\mahurjo01,0.047078893
591,Olli Maatta\maattol01,0.047087826
514,Klim Kostin\kostikl01,0.047128607
252,Vince Dunn\dunnvi02,0.047142744
36,Kevin Bahl\bahlke01,0.047185596
65,Jordie Benn\bennjo01,0.04729808
813,Kris Russell\russekr01,0.047646817
804,Alexander Romanov\romanal01,0.04769212
446,Mattias Janmark\janmama02,0.047709
501,Phil Kessel\kesseph01,0.04770908
432,Cameron Hughes\hugheca01,0.047825564
818,Bobby Ryan\ryanbo01,0.047845032
2,Calen Addison\addisca01,0.04794199
994,Jake Walman\walmaja01,0.048199892
853,Kiefer Sherwood\sherwki01,0.04821684
1014,Cameron York\yorkca01,0.048218217
270,Tyler Ennis\ennisty01,0.048218805
959,Carsen Twarynski\twaryca01,0.048220124
55,Ethan Bear\bearet01,0.048378713
782,Alec Regula\regulal01,0.048558597
633,Greg McKegg\mckeggr01,0.04862995
164,Dennis Cholowski\cholode01,0.04877728
81,Anders Bjork\bjorkan01,0.048844364
130,Bowen Byram\byrambo01,0.04890097
159,Ivan Chekhovich\chekhiv01,0.048993148
253,Josh Dunne\dunnejo01,0.049049575
14,Michael Amadio\amadimi01,0.049050067
239,Justin Dowling\dowliju01,0.049133953
845,Mikhail Sergachev\sergami01,0.04916143
894,Troy Stecher\stechtr01,0.049251035
793,Morgan Rielly\riellmo01,0.049254004
468,Pierre-Olivier Joseph\joseppi01,0.049316503
209,Michael Dal Colle\dalcomi01,0.049570438
715,Alex Ovechkin\ovechal01,0.04961631
42,Alexander Barabanov\barabal01,0.04973946
7,Sebastian Aho\ahose02,0.04990605
227,Travis Dermott\dermotr01,0.049909227
648,Victor Mete\metevi01,0.049952082
351,Ryan Graves\gravery01,0.050065536
1001,Zach Werenski\werenza01,0.05013312
756,Brian Pinho\pinhobr01,0.050147887
290,Haydn Fleury\fleurha01,0.050294247
784,Mike Reilly\reillmi01,0.0503641
121,Jacob Bryson\brysoja01,0.050449762
711,Victor Olofsson\olofsvi01,0.0504668
993,Lucas Wallmark\wallmlu01,0.05060583
372,Erik Gustafsson\gustaer02,0.05069358
112,Jonas Brodin\brodijo01,0.050906062
970,Kristian Vesalainen\vesalkr01,0.05103349
956,Alexander True\trueal01,0.051236104
113,Jonny Brodzinski\brodzjo01,0.05125435
420,Taro Hirose\hirosta01,0.051620837
696,Joshua Norris\norrijo01,0.051735323
106,Erik Brannstrom\branner01,0.05175934
87,Sammy Blais\blaissa01,0.052078914
288,Haydn Fleury\fleurha01,0.052298386
712,Dmitry Orlov\orlovdm01,0.052417275
161,Alex Chiasson\chiasal01,0.05245203
406,Ville Heinola\heinovi01,0.052545566
195,Nick Cousins\cousini01,0.052547812
410,Aleksi Heponiemi\heponal01,0.052562967
215,Jacob de La Rose\delarja01,0.05260845
538,Tanner Laczynski\laczyta01,0.05267341
824,Mattias Samuelsson\samuema02,0.052742142
938,Tyce Thompson\thompty01,0.052824028
760,Rem Pitlick\pitlire01,0.05285644
644,Jonathon Merrill\merrijo01,0.05304717
145,Sam Carrick\carrisa01,0.05315273
925,Chris Tanev\tanevch01,0.053304918
989,Nathan Walker\walkena01,0.053501207
76,Tyler Bertuzzi\bertuty01,0.053572405
842,Tyler Seguin\seguity01,0.053630617
620,Mike Matheson\mathemi01,0.05380933
869,Brendan Smith\smithbr05,0.053811777
302,Gustav Forsling\forslgu02,0.05382143
301,Filip Forsberg\forsbfi01,0.053831626
701,Joakim Nygard\nygarjo01,0.0540463
580,Gustav Lindstrom\lindsgu01,0.054126658
674,Philippe Myers\myersph01,0.054146595
649,Marc Michaelis\michama01,0.054150913
190,Brett Connolly\connobr01,0.054191414
369,Nikita Gusev\gusevni01,0.054238643
816,Jan Rutta\ruttaja02,0.0545553
785,Mike Reilly\reillmi01,0.054778915
860,Dylan Sikura\sikurdy01,0.05478895
311,Byron Froese\froesby01,0.05490363
462,Henri Jokiharju\jokihhe01,0.054977626
613,John Marino\marinjo01,0.055087406
78,Clark Bishop\bishocl01,0.055108283
380,Libor Hajek\hajekli01,0.05520185
466,Zachary Jones\jonesza01,0.055323295
17,Michael Anderson\andermi02,0.055327866
100,Evan Bouchard\bouchev01,0.055362396
396,Scott Harrington\harrisc01,0.055416215
386,Taylor Hall\hallta02,0.055621687
659,Ian Mitchell\mitchia01,0.05567229
392,Joel Hanley\hanlejo01,0.05568939
672,Ryan Murray\murrary01,0.055701047
772,Michael Raffl\rafflmi01,0.05573829
800,Nicholas Robertson\roberni01,0.05582449
457,Luke Johnson\johnslu01,0.05596963
401,John Hayden\haydejo01,0.05613475
172,Kale Clague\claguka01,0.05613698
308,Mark Friedman\friedma01,0.056169998
22,Anthony Angello\angelan01,0.056183927
595,Zack MacEwen\macewza01,0.056395244
511,Leo Komarov\komarle01,0.05650351
179,Dylan Coghlan\coghldy01,0.056585625
827,Travis Sanheim\sanhetr01,0.056870256
107,Derick Brassard\brassde01,0.0569509
423,Mike Hoffman\hoffmmi02,0.05711979
677,Riley Nash\nashri02,0.057246353
333,Glenn Gawdin\gawdigl01,0.057284977
587,Matt Luff\luffma01,0.05734146
730,Zach Parise\parisza01,0.057705548
647,Victor Mete\metevi01,0.057795994
496,Joel Kellman\kellmjo01,0.057925437
617,Matt Martin\martima02,0.05798808
817,Adam Ruzicka\ruzicad01,0.058010515
646,Victor Mete\metevi01,0.05804067
783,Mike Reilly\reillmi01,0.058067348
742,Lane Pederson\pederla01,0.05820011
400,Jayce Hawryluk\hawryja01,0.058260802
233,Noah Dobson\dobsono01,0.058305293
698,Ryan Nugent-Hopkins\nugenry01,0.058344167
307,Mark Friedman\friedma01,0.05849534
539,Sam Lafferty\laffesa01,0.058745723
111,T.J. Brodie\broditj01,0.058799893
408,Darren Helm\helmda01,0.05892482
46,Tyson Barrie\barrity01,0.058951426
40,Alexander Barabanov\barabal01,0.058995016
182,Ian Cole\coleia01,0.0592178
103,Travis Boyd\boydtr01,0.059294593
819,Derek Ryan\ryande01,0.059465256
407,Miro Heiskanen\heiskmi01,0.05977054
163,Sasha Chmelevski\chmelal01,0.05993477
597,Connor Mackey\mackeco01,0.060070556
726,Cedric Paquette\paquece01,0.060118627
181,Ian Cole\coleia01,0.060431033
748,Brett Pesce\pescebr01,0.060552835
882,Carson Soucy\soucyca01,0.06059001
191,Brett Connolly\connobr01,0.060651828
536,Joel L'Esperance\lespejo01,0.060687784
390,Fredrik Händemark\handefr01,0.060801115
723,Richard Panik\panikri01,0.06080747
436,Dryden Hunt\huntdr01,0.060812175
463,Caleb Jones\jonesca01,0.060856465
766,Ivan Provorov\provoiv01,0.060880236
297,Callan Foote\footeca01,0.060890503
261,Joel Edmundson\edmunjo01,0.061064966
133,Drake Caggiula\caggidr01,0.0611502
513,Anze Kopitar\kopitan01,0.06124929
961,Juuso Valimaki\valimju01,0.06135326
629,Max McCormick\mccorma01,0.061481986
1015,Pavel Zacha\zachapa01,0.061493795
596,Ryan MacInnis\macinry01,0.061517794
833,Marco Scandella\scandma01,0.06163116
298,Nolan Foote\footeno01,0.061738525
313,Morgan Frost\frostmo01,0.061759587
86,Colin Blackwell\blackco01,0.06178363
430,Filip Hronek\hronefi01,0.061871327
670,Connor Murphy\murphco02,0.061878387
404,Victor Hedman\hedmavi01,0.06197844
798,Nick Ritchie\ritchni01,0.06217804
602,Evgeni Malkin\malkiev01,0.062268663
282,Jesper Fast\fastje01,0.062490273
704,Drew O'Connor\oconndr01,0.062505424
729,Colton Parayko\parayco01,0.062672615
700,Markus Nutivaara\nutivma01,0.06272165
618,Alec Martinez\martial01,0.06282018
686,Alex Newhook\newhoal01,0.06283705
94,Adam Boqvist\boqviad01,0.06288584
797,Brett Ritchie\ritchbr01,0.06295325
727,Cedric Paquette\paquece01,0.06295799
522,Karson Kuhlman\kuhlmka01,0.063048735
990,Sean Walker\walkese01,0.06354606
84,Tobias Bjornfot\bjornto01,0.063751884
441,Alex Iafallo\iafalal01,0.0639849
709,Jamie Oleksiak\oleksja01,0.064116165
151,Jackson Cates\catesja01,0.0642364
863,Wayne Simmonds\simmowa01,0.06433548
350,Tyler Graovac\graovty01,0.06439765
47,Morgan Barron\barromo01,0.06449942
128,Will Butcher\butchwi01,0.064996555
958,Kyle Turris\turriky01,0.065172434
56,Nicolas Beaudin\beaudni01,0.06529036
88,Joachim Blichfeld\blichjo01,0.0653799
274,Adam Erne\ernead01,0.065486506
336,Timothy Gettinger\gettiti01,0.065769896
154,Erik Cernak\cernaer01,0.065985
612,Mason Marchment\marchma01,0.06623216
228,Nicolas Deslauriers\deslani01,0.066322595
898,Derek Stepan\stepade01,0.06633945
923,Evgeny Svechnikov\svechev01,0.06650762
479,Wyatt Kalynuk\kalynwy01,0.06658035
985,Austin Wagner\wagneau01,0.06672527
303,Liam Foudy\foudyli01,0.066795796
394,Jansen Harkins\harkija01,0.06688769
992,Lucas Wallmark\wallmlu01,0.06699622
991,Lucas Wallmark\wallmlu01,0.06718233
393,Mike Hardman\hardmmi01,0.067203
383,Jani Hakanpaa\hakanja01,0.06725812
987,Oliver Wahlstrom\wahlsol01,0.0675526
226,Grigori Denisenko\denisgr01,0.06778392
327,Adam Gaudette\gaudead01,0.06789881
942,Conor Timmins\timmico01,0.06802354
375,Gaetan Haas\haasga01,0.06822139
368,Nikita Gusev\gusevni01,0.0683393
104,Travis Boyd\boydtr01,0.06851779
892,Logan Stanley\stanllo01,0.068889074
910,Marian Studenic\studema01,0.06898659
516,Vitali Kravtsov\kravtvi01,0.06905441
880,Victor Soderstrom\sodervi01,0.06917265
1029,Jason Zucker\zuckeja01,0.069331065
323,Rhett Gardner\gardnrh01,0.06942235
913,Tim Stützle\stuetti02,0.06947388
427,Patric Hornqvist\hornqpa01,0.06953232
636,Connor McMichael\mcmicco01,0.06964356
876,Ty Smith\smithty01,0.06985153
512,Travis Konecny\konectr01,0.06995664
746,David Perron\perroda01,0.07010725
583,Ryan Lomberg\lombery01,0.07016972
565,Brendan Lemieux\lemiebr01,0.070300534
899,Mitchell Stephens\stephmi01,0.070569426
495,Clayton Keller\kellecl01,0.070647925
9,Wade Allison\alliswa01,0.070735246
807,Antoine Roussel\roussan01,0.07123381
174,Connor Clifton\cliftco01,0.07139498
255,Ryan Dzingel\dzingry01,0.0714173
980,Alexander Volkov\volkoal01,0.07146816
641,Nicholas Merkley\merklni01,0.07164109
1026,Radim Zohorna\zohorra01,0.071875155
45,Alex Barre-Boulet\barreal01,0.07194935
825,Rasmus Sandin\sandira01,0.072311714
202,Lawson Crouse\crousla01,0.07236649
601,Cale Makar\makarca01,0.07239301
292,Steven Fogarty\fogarst01,0.07270576
18,Jaret Anderson-Dolan\anderja01,0.0727347
54,Jake Bean\beanja01,0.072789624
331,Julien Gauthier\gauthju01,0.07280114
564,Brendan Lemieux\lemiebr01,0.07320224
517,Peyton Krebs\krebspe01,0.07332702
271,Mackenzie Entwistle\entwima01,0.07337141
745,Mathieu Perreault\perrema01,0.07338834
149,Jeff Carter\carteje01,0.07357468
927,Tomas Tatar\tatarto01,0.07365136
967,Frank Vatrano\vatrafr01,0.07367127
552,Jeremy Lauzon\lauzoje01,0.07381962
243,Jamie Drysdale\drysdja01,0.07403146
946,Owen Tippett\tippeow01,0.07408796
973,Jimmy Vesey\veseyji02,0.07410261
834,Colton Sceviour\scevico01,0.07418944
359,Carl Grundstrom\grundca01,0.07434048
948,Matthew Tkachuk\tkachma01,0.075028926
469,Dakota Joshua\joshuda01,0.07508531
335,Nathan Gerbe\gerbena01,0.075103655
972,Jimmy Vesey\veseyji02,0.075126156
371,David Gustafsson\gustada01,0.07533671
521,Dominik Kubalík\kubaldo01,0.07542674
528,Luke Kunin\kuninlu01,0.07554333
968,Joseph Veleno\velenjo01,0.075805575
467,Mathieu Joseph\josepma01,0.07580584
867,Brady Skjei\skjeibr01,0.07587287
256,Ryan Dzingel\dzingry01,0.07598157
223,Ty Dellandrea\dellaty01,0.07633234
417,Vinnie Hinostroza\hinosvi01,0.076427124
562,Josh Leivo\leivojo01,0.076579124
413,Matthew Highmore\highmma01,0.07699572
822,Brandon Saad\saadbr01,0.07711336
340,Samuel Girard\girarsa01,0.07734929
132,Nicholas Caamano\caamani01,0.077482894
505,Joel Kiviranta\kivirjo01,0.07808429
627,Jared McCann\mccanja01,0.078176424
175,Cal Clutterbuck\cluttca01,0.078182206
287,Christian Fischer\fischch01,0.07834906
426,Justin Holl\hollju01,0.078467295
28,Rasmus Asplund\asplura01,0.07892868
242,Jonathan Drouin\drouijo01,0.07908158
710,Mathieu Olivier\olivima01,0.07916559
32,Nicolas Aube-Kubel\aubekni01,0.07935879
812,Arttu Ruotsalainen\ruotsar01,0.081104904
976,Jake Virtanen\virtaja01,0.08161637
786,Sam Reinhart\reinhsa01,0.082485825
50,Nathan Bastian\bastina01,0.08271314
887,Eric Staal\staaler01,0.08281383
251,Brian Dumoulin\dumoubr01,0.08284752
922,Andrei Svechnikov\svechan01,0.082849406
283,Justin Faulk\faulkju01,0.08289686
385,Taylor Hall\hallta02,0.083248325
933,Shea Theodore\theodsh01,0.083393306
306,Trent Frederic\fredetr01,0.08385146
981,Jakub Voracek\voracja01,0.08387904
434,Quinn Hughes\hughequ01,0.084208265
379,Nicolas Hague\hagueni01,0.084369525
529,Janne Kuokkanen\kuokkja01,0.08476293
518,Chris Kreider\kreidch01,0.0848881
12,Michael Amadio\amadimi01,0.08491278
68,Sam Bennett\bennesa01,0.085095674
586,Milan Lucic\lucicmi01,0.085228115
188,Max Comtois\comtoma01,0.085370064
129,Quinton Byfield\byfiequ01,0.0853907
635,Ryan McLeod\mcleory01,0.085445896
609,Anthony Mantha\manthan01,0.085684046
979,Alexander Volkov\volkoal01,0.08572841
123,Connor Bunnaman\bunnaco01,0.08583024
125,Andre Burakovsky\burakan01,0.08629884
13,Michael Amadio\amadimi01,0.0867423
464,Max Jones\jonesma03,0.08697359
669,Tyler Motte\mottety01,0.08699335
403,Barrett Hayton\haytoba01,0.087128535
792,Tobias Rieder\riedeto01,0.08755982
152,Cole Caufield\caufico01,0.08760728
555,Curtis Lazar\lazarcu01,0.08854903
415,Matthew Highmore\highmma01,0.089475065
324,Conor Garland\garlaco01,0.08985613
60,Kieffer Bellows\belloki01,0.09004262
37,Josh Bailey\bailejo01,0.090149
657,K'Andre Miller\milleka01,0.09035882
483,Patrick Kane\kanepa01,0.09057975
207,Evgenii Dadonov\dadonev01,0.09088059
348,Mikael Granlund\granlmi01,0.090924785
982,Jakub Vrana\vranaja01,0.09163229
537,Kevin Labanc\labanke01,0.092289284
63,Emil Bemstrom\bemstem01,0.092654526
519,David Krejci\krejcda01,0.093622
264,Aaron Ekblad\ekblaaa01,0.09371714
342,Cody Glass\glassco01,0.09378001
285,Kevin Fiala\fialake01,0.09389588
563,Brendan Lemieux\lemiebr01,0.09410609
147,William Carrier\carriwi01,0.09424764
546,Gabriel Landeskog\landega01,0.094482645
39,Rudolfs Balcers\balceru01,0.094535396
502,Jujhar Khaira\khairju01,0.09463504
566,John Leonard\leonajo01,0.09480286
247,Pierre-Luc Dubois\duboipi01,0.0952311
675,Tyler Myers\myersty01,0.09525688
936,Nate Thompson\thompna01,0.09537926
718,Ondrej Palat\palaton01,0.095761955
102,Travis Boyd\boydtr01,0.097082555
836,Brayden Schenn\schenbr01,0.098131314
150,Jeff Carter\carteje01,0.09827849
984,Jakub Vrana\vranaja01,0.098517925
995,Austin Watson\watsoau01,0.09866069
915,Oskar Sundqvist\sundqos01,0.09902495
937,Tage Thompson\thompta01,0.1001886
416,Vinnie Hinostroza\hinosvi01,0.10089837
1028,Mats Zuccarello\zuccama01,0.10101347
852,Conor Sheary\shearco01,0.10115695
908,Dylan Strome\stromdy01,0.102242425
263,Jack Eichel\eicheja01,0.10317674
25,Josh Archibald\archijo01,0.103639185
557,Anders Lee\leean01,0.10399675
953,Yakov Trenin\treniya01,0.10409589
878,Carl Soderberg\soderca01,0.10461007
135,Drake Caggiula\caggidr01,0.10476494
530,Rasmus Kupari\kuparra01,0.10477166
608,Anthony Mantha\manthan01,0.10522035
259,Jordan Eberle\eberljo01,0.10535282
286,Valtteri Filppula\filppva01,0.10556699
868,Jaccob Slavin\slavija01,0.105908066
978,Alexander Volkov\volkoal01,0.10597202
911,Jack Studnicka\studnja01,0.106023714
70,Sam Bennett\bennesa01,0.10741535
317,Alex Galchenyuk\galchal01,0.10795134
954,Vincent Trocheck\trochvi01,0.10853392
690,Matthew Nieto\nietoma01,0.10854444
206,Kirby Dach\dachki01,0.10901593
576,Ryan Lindgren\lindgry01,0.10934685
440,Zach Hyman\hymanza01,0.10998121
337,Ryan Getzlaf\getzlry01,0.110558406
236,Joonas Donskoi\donskjo01,0.1110767
815,Bryan Rust\rustbr01,0.111237854
841,Jaden Schwartz\schwaja01,0.1114528
356,Mikhail Grigorenko\grigomi01,0.11327724
460,Andreas Johnsson\johnsan01,0.11410844
767,Jesse Puljujarvi\puljuje01,0.115363166
235,Ryan Donato\donatry01,0.115393355
69,Sam Bennett\bennesa01,0.116084486
949,Devon Toews\toewsde01,0.11648075
220,Jake DeBrusk\debruja01,0.116778955
1016,Filip Zadina\zadinfi01,0.11685476
485,Kirill Kaprizov\kapriki01,0.11746846
983,Jakub Vrana\vranaja01,0.117925644
388,Dougie Hamilton\hamildo01,0.118083596
431,Jonathan Huberdeau\huberjo01,0.11913824
883,Jason Spezza\spezzja01,0.11967233
584,Steven Lorentz\lorenst01,0.11996487
673,Jake Muzzin\muzzija01,0.12025872
265,Mattias Ekholm\ekholma01,0.120453104
367,Denis Gurianov\guriade01,0.121938586
575,Esa Lindell\lindees01,0.12297544
318,Alex Galchenyuk\galchal01,0.12314165
329,Johnny Gaudreau\gaudrjo01,0.12323345
510,Keegan Kolesar\koleske01,0.12346637
320,Brendan Gallagher\gallabr01,0.1256827
405,Danton Heinen\heineda01,0.12653577
244,Dillon Dube\dubedi01,0.12656675
334,Morgan Geekie\geekimo01,0.12756234
1020,Travis Zajac\zajactr01,0.128634
893,Paul Stastny\stastpa01,0.12908651
625,Charlie McAvoy\mcavoch01,0.12913005
58,Anthony Beauvillier\beauvan01,0.13019788
705,Logan O'Connor\oconnlo01,0.13116606
1,Noel Acciari\acciano01,0.13208503
884,Daniel Sprong\spronda01,0.13288099
930,Teuvo Teravainen\teravte01,0.13337271
975,Gabriel Vilardi\vilarga01,0.13390161
702,William Nylander\nylanwi01,0.13444494
326,Adam Gaudette\gaudead01,0.13486774
744,Adam Pelech\pelecad01,0.13499255
757,Shane Pinto\pintosh01,0.13545488
716,Max Pacioretty\pacioma01,0.13559248
540,Alexis Lafreniere\lafreal01,0.13576458
574,Oskar Lindblom\lindbos01,0.13637137
778,Michael Rasmussen\rasmumi01,0.13756627
533,Evgeny Kuznetsov\kuzneev01,0.13784342
699,Darnell Nurse\nurseda01,0.14054304
763,Brayden Point\pointbr01,0.14121148
234,Max Domi\domima01,0.14172924
365,Jake Guentzel\guentja01,0.14181791
754,Alex Pietrangelo\pietral01,0.1420199
248,Matt Duchene\duchema01,0.14213964
639,Timo Meier\meierti01,0.1422083
64,Jamie Benn\bennja01,0.14232221
872,Craig Smith\smithcr01,0.14330529
246,Pierre-Luc Dubois\duboipi01,0.1434436
316,Sam Gagner\gagnesa01,0.14374772
19,Lias Andersson\anderli01,0.14401338
611,Jonathan Marchessault\audymjo01,0.14504987
165,Jakob Chychrun\chychja01,0.14527944
751,Elias Pettersson\petteel01,0.14553256
535,Jordan Kyrou\kyroujo01,0.14647266
877,Carl Soderberg\soderca01,0.14769207
245,Pierre-Luc Dubois\duboipi01,0.14856881
355,Noah Gregor\gregono01,0.14956929
387,Taylor Hall\hallta02,0.1510245
82,Anders Bjork\bjorkan01,0.1518561
276,Robby Fabbri\fabbrro01,0.15228121
325,Adam Gaudette\gaudead01,0.15426107
799,Jason Robertson\roberja01,0.15577495
95,Jesper Boqvist\boqvije01,0.1579722
554,Curtis Lazar\lazarcu01,0.15888153
803,Evan Rodrigues\rodriev01,0.15932405
886,Eric Staal\staaler01,0.15947759
459,Tyler Johnson\johnsty01,0.16293943
1019,Travis Zajac\zajactr01,0.16319111
35,Nicklas Backstrom\backsni02,0.16358778
866,Jeff Skinner\skinnje01,0.16369691
775,Rickard Rakell\rakelri01,0.16425225
328,Frederick Gaudreau\gaudrfr01,0.16453935
897,Kevin Stenlund\stenlke01,0.16479105
30,Andreas Athanasiou\athanan01,0.16500196
258,Cody Eakin\eakinco01,0.16662745
85,Nick Bjugstad\bjugsni01,0.16947518
484,Kasperi Kapanen\kapanka01,0.17111269
532,Philipp Kurashev\kurasph01,0.17123544
419,Roope Hintz\hintzro01,0.17150398
630,Connor McDavid\mcdavco01,0.17241955
806,Jack Roslovic\rosloja01,0.17246535
93,Nick Bonino\boninni01,0.1728062
476,Dominik Kahun\kahundo01,0.1735987
581,Blake Lizotte\lizotbl01,0.17458192
661,Sean Monahan\monahse01,0.17564812
429,Brett Howden\howdebr01,0.17793506
504,Alex Killorn\killoal01,0.17813051
453,Ryan Johansen\johanry01,0.17822415
732,David Pastrnak\pastrda01,0.18026161
83,Oliver Bjorkstrand\bjorkol01,0.18133903
291,Warren Foegele\foegewa01,0.18137987
267,Lars Eller\ellerla01,0.18146683
1006,Tom Wilson\wilsoto01,0.18220845
589,Eetu Luostarinen\luostee01,0.18369526
688,Nino Niederreiter\niedeni01,0.18480209
935,Robert Thomas\thomaro01,0.18512842
43,Ivan Barbashev\barbaiv01,0.1856806
398,Garnet Hathaway\hathaga01,0.18830758
912,Nico Sturm\sturmni01,0.18883538
168,Casey Cizikas\cizikca01,0.18988177
262,Nikolaj Ehlers\ehlerni01,0.1905573
353,Jordan Greenway\greenjo02,0.19260998
722,Artemi Panarin\panarar01,0.19341552
199,Dylan Cozens\cozendy01,0.19582883
594,Mackenzie MacEachern\maceama01,0.19648427
230,Jason Dickinson\dickija01,0.1978694
607,Anthony Mantha\manthan01,0.19812658
477,Kaapo Kakko\kakkoka01,0.19851577
553,Curtis Lazar\lazarcu01,0.19882731
443,Mark Jankowski\jankoma01,0.19930097
998,MacKenzie Weegar\weegama01,0.2023941
185,Ross Colton\coltoro01,0.20696002
986,Chris Wagner\wagnech01,0.2069777
59,Pierre-Edouard Bellemare\bellepi01,0.20764557
947,Brady Tkachuk\tkachbr01,0.20854215
957,Alex Tuch\tuchal01,0.20896749
737,Nolan Patrick\patrino01,0.21031973
186,Blake Comeau\comeabl01,0.21230614
1024,Trevor Zegras\zegratr01,0.21427926
531,Sean Kuraly\kuralse01,0.21590556
402,Kevin Hayes\hayeske01,0.21875896
895,Sam Steel\steelsa01,0.21887657
550,Johan Larsson\larssjo02,0.22015068
1010,Miles Wood\woodmi01,0.2212455
115,Adam Brooks\brookad01,0.22292954
305,Adam Fox\foxad01,0.22454047
279,Joel Farabee\farabjo01,0.22512932
708,Kyle Okposo\okposky01,0.2255567
604,Mikhail Maltsev\maltsmi01,0.2255922
838,Nick Schmaltz\schmani01,0.22836514
676,Vladislav Namestnikov\namesvl01,0.22972097
173,Kyle Clifford\cliffky01,0.2301652
343,Luke Glendening\glendlu01,0.23231582
475,Nazem Kadri\kadrina01,0.2334637
931,Troy Terry\terrytr01,0.23402143
341,Claude Giroux\giroucl01,0.23435298
142,Ryan Carpenter\carpery01,0.2373147
240,Leon Draisaitl\draisle01,0.237458
835,Mark Scheifele\scheima01,0.2391684
424,Nils Hoglander\hoglani01,0.2394582
663,Brandon Montour\montobr01,0.2411963
697,Tomas Nosek\nosekto01,0.2435938
777,Victor Rask\raskvi01,0.24541506
619,Jordan Martinook\martijo01,0.24588093
928,John Tavares\tavarjo01,0.24667674
1003,Colin White\whiteco02,0.24681266
588,Isac Lundestrom\lundeis01,0.24932706
180,Andrew Cogliano\coglian01,0.25064224
889,Jordan Staal\staaljo01,0.25311238
932,Alexandre Texier\texieal01,0.2542183
295,Nick Foligno\foligni01,0.2571457
49,Mathew Barzal\barzama01,0.25754663
656,J.T. Miller\millejt01,0.25777054
345,Barclay Goodrow\goodrba01,0.25805303
269,Pierre Engvall\engvapi01,0.25922
197,Sean Couturier\coutuse01,0.25971258
211,Phillip Danault\danauph01,0.2598196
445,Mattias Janmark\janmama02,0.2621114
515,Jesperi Kotkaniemi\kotkaje01,0.26222008
498,Adrian Kempe\kempead01,0.26812533
421,Nico Hischier\hischni01,0.2682624
761,Tyler Pitlick\pitlity01,0.27189702
480,David Kampf\kampfda01,0.27512538
148,Jeff Carter\carteje01,0.27580142
105,Tyler Bozak\bozakty01,0.27585495
971,Jimmy Vesey\veseyji02,0.27681637
193,Kyle Connor\connoky01,0.27733397
91,Brock Boeser\boesebr01,0.27864096
254,Christian Dvorak\dvorach01,0.2885795
662,Brandon Montour\montobr01,0.28878972
810,Nicolas Roy\royni01,0.28936002
80,Anders Bjork\bjorkan01,0.29348415
27,Viktor Arvidsson\arvidvi01,0.29699615
720,Kyle Palmieri\palmiky01,0.29903826
861,Jakob Silfverberg\silfvja01,0.29905936
238,Nic Dowd\dowdni01,0.30019206
294,Nick Foligno\foligni01,0.301205
851,Riley Sheahan\sheahri01,0.303474
740,Tanner Pearson\pearsta01,0.30834025
598,Nathan MacKinnon\mackina01,0.31053427
940,Chris Tierney\tiernch01,0.31584126
131,Paul Byron\byronpa01,0.3177739
776,Mikko Rantanen\rantami01,0.31936508
278,Radek Faksa\faksara01,0.32493964
634,Michael McLeod\mcleomi01,0.3257461
194,Andrew Copp\coppan01,0.32647738
293,Marcus Foligno\foligma01,0.3299671
719,Kyle Palmieri\palmiky01,0.33090934
547,Dylan Larkin\larkidy01,0.33100966
321,Dylan Gambrell\gambrdy01,0.3326592
444,Mattias Janmark\janmama02,0.33856884
449,Tanner Jeannot\jeannta01,0.33882448
275,Jake Evans\evansja02,0.34031814
451,Boone Jenner\jennebo01,0.34479406
166,Filip Chytil\chytifi01,0.3464115
924,Brandon Tanev\tanevbr01,0.3510027
349,Derek Grant\grantde01,0.3519419
545,Juho Lammikko\lammiju01,0.35703024
855,Devin Shore\shorede01,0.35711783
904,Mark Stone\stonema01,0.35748798
347,Yanni Gourde\gourdya01,0.35965887
187,J.T. Compher\comphj.01,0.3650781
198,Charlie Coyle\coylech01,0.37363157
428,Bo Horvat\horvabo01,0.38242894
300,Alex Formenton\formeal01,0.3850625
409,Adam Henrique\henriad01,0.39035645
16,Josh Anderson\anderjo05,0.39844546
471,Tyson Jost\jostty01,0.39924732
717,Jean-Gabriel Pageau\pageaje01,0.39988694
26,Joel Armia\armiajo01,0.40126532
377,Carl Hagelin\hagelca01,0.40230003
605,Andrew Mangiapane\mangian01,0.40468296
918,Pius Suter\suterpi01,0.408822
865,Colton Sissons\sissoco01,0.40967515
1011,Kailer Yamamoto\yamamka01,0.41727898
660,Casey Mittelstadt\mitteca01,0.41973165
622,Auston Matthews\matthau01,0.41989806
571,Trevor Lewis\lewistr01,0.4205357
108,Jesper Bratt\brattje01,0.42445353
357,Rocco Grimaldi\grimaro01,0.4306622
433,Jack Hughes\hugheja03,0.43844742
738,Nick Paul\paulni01,0.44564614
376,Brandon Hagel\hagelbr01,0.44611105
632,Brock McGinn\mcginbr01,0.45113173
411,Tomas Hertl\hertlto01,0.45220655
826,Zach Sanford\sanfoza01,0.45344347
201,Sidney Crosby\crosbsi01,0.46457264
219,Alex DeBrincat\debrial01,0.46566877
585,Adam Lowry\lowryad01,0.46985105
920,Brandon Sutter\suttebr03,0.47346804
551,Scott Laughton\laughsc01,0.4792033
24,Mason Appleton\applema01,0.47978824
802,Eric Robinson\robiner01,0.4815162
447,Calle Jarnkrok\jarnkca01,0.48212004
558,Artturi Lehkonen\lehkoar01,0.48770413
577,Elias Lindholm\lindhel01,0.48828682
397,Ryan Hartman\hartmry01,0.4937555
249,Anthony Duclair\duclaan01,0.49419287
29,Zach Aston-Reese\astonza01,0.4944475
805,Kevin Rooney\rooneke01,0.4994733
652,Ilya Mikheyev\mikheil01,0.51134753
687,Valeri Nichushkin\nichuva01,0.5278754
399,Erik Haula\haulaer01,0.53703564
273,Joel Eriksson Ek\eriksjo02,0.5531565
487,William Karlsson\karlswi01,0.5541899
184,Blake Coleman\colembl01,0.5548038
90,Teddy Blueger\bluegte01,0.55572784
196,Logan Couture\coutulo01,0.5688541
900,Chandler Stephenson\stephch02,0.5776799
34,Mikael Backlund\backlmi01,0.57942516
499,Alexander Kerfoot\kerfoal01,0.5825713
848,Yegor Sharangovich\sharaye01,0.5983289
1000,Alexander Wennberg\wennbal01,0.60044646
921,Nick Suzuki\suzukni01,0.60989815
167,Anthony Cirelli\cirelan01,0.61362946
44,Aleksander Barkov\barkoal01,0.6438528
969,Carter Verhaeghe\verhaca01,0.6629447
73,Patrice Bergeron\bergepa01,0.66670525
679,Martin Necas\necasma01,0.6759362
909,Ryan Strome\stromry01,0.6918227
666,Trevor Moore\mooretr01,0.70023304
875,Reilly Smith\smithre01,0.73283315
1025,Mika Zibanejad\zibanmi01,0.75360656
706,Ryan O'Reilly\oreilry01,0.8320538
615,Mitch Marner\marnemi01,0.8829236
482,Evander Kane\kaneev01,0.91446537
950,Tyler Toffoli\toffoty01,0.951511
31,Cam Atkinson\atkinca01,1.0143209
116,Connor Brown\brownco02,1.0513558
6,Sebastian Aho\ahose01,1.0579741
122,Pavel Buchnevich\buchnpa01,1.0868049
610,Brad Marchand\marchbr03,1.1462859
