empty,Player
,Dougie Hamilton
,Jonas Brodin
,Alexandre Carrier
,Alex Goligoski
,Oliver Ekman-Larsson
,Brett Pesce
,Ryan Graves
,Chris Tanev
,Samuel Girard
,Cody Ceci
,TJ Brodie
,Adam Pelech
,Matt Dumba
,Jeff Petry
,Hampus Lindholm
,Chris Wideman
,Sean Durzi
,Ben Chiarot
,Ryan McDonagh
,Adam Larsson
,Erik Johnson
,Jake Bean
,Esa Lindell
,John Marino
,Dmitry Kulikov
,Matt Grzelcyk
,Dante Fabbro
,Nick Leddy
,Anton Stralman
,Timothy Liljegren
,Justin Schultz
,Justin Holl
,Adam Boqvist
,Artem Zub
,P.K. Subban
,Nikita Zadorov
,Jake McCabe
,Carson Soucy
,Ryan Pulock
,Brett Kulak
,Nick Jensen
,Matt Roy
,Duncan Keith
,K'Andre Miller
,Ty Smith
,Jon Merrill
,Brenden Dillon
,Zach Whitecloud
,Nick Holden
,Henri Jokiharju